text,category_name,label
Structural truss member buckling calculation does not verify unbraced length,Calculation,8
HAZARDOUS AREA CLASSIFICATION BOUNDARY SYMBOL MISSING PER NFPA 497 STANDARD,Standards,4
MATERIAL CALLOUT FOR BASEPLATE SHOWS MILD STEEL: REVISE TO ASTM A572 GR 50 -MWR,Material,10
Transport limit: modular unit height 150 mm exceeds railway overpass clearance By: VSM,Feasibility,9
Coordinate HVAC supply register location with overhead cable tray run By: VSM,Coordination,5
DRAWING INDEX SHEET LIST DOES NOT MATCH ACTUAL SHEETS INCLUDED IN PACKAGE BY: BREKOL,Documentation,6
CLASH WITH CIVIL/STRUCTURAL: HVAC DUCT PENETRATES STRUCTURAL MOMENT FRAME BEAM -JJD,Coordination,5
Equipment transport feasibility: skid width exceeds maximum roadway shipping clearance -JJD,Feasibility,9
Isometric drawing view orientation misaligned with plan coordinates,Drafting,1
RIGGING AND LIFTING LUG PLACEMENT CAUSES CENTER OF GRAVITY TILT DURING ERECTION,Feasibility,9
Anchor bolt projection dimension from top of grout missing -RJY,Dimension,2
P&ID symbology does not conform to company drafting standard STD-001 -UCC,Standards,4
Overall height dimension missing from skid base frame to top of vessel nozzle,Dimension,2
Transport limit: modular unit height 150 mm exceeds railway overpass clearance By: BreKol,Feasibility,9
Coordinate instrument air supply line routing with control valve manifold -MWR,Coordination,5
Text justification misaligned in equipment table column By: VSM,Cosmetic,3
COORDINATE WITH ARCHITECTURAL TEAM: WALL PENETRATION SLEEVE LOCATION CONFLICTS WITH COLUMN,Coordination,5
DIMENSION STRING DOES NOT CLOSE: 3450 MM DISCREPANCY AT WALL INTERFACE,Dimension,2
INCORRECT NOTE: REFERENCE TO HYDROTEST PRESSURE IN NOTE 3 CONTRADICTS LINE SCHEDULE BY: VSM,Notes,11
Wrong valve body material: specify 316L stainless steel for acid injection line,Material,10
ADD GENERAL NOTE SPECIFYING CONCRETE MINIMUM 28-DAY COMPRESSIVE STRENGTH 4000 PSI,Notes,11
VERIFY STRUCTURAL CONNECTION CAPACITY: SHEAR TAB BOLT COUNT INSUFFICIENT -JDM,Technical,0
INCORRECT FLANGE RATING LISTED IN BILL OF MATERIALS TABLE FOR ITEM 12 -JDM,BOM,12
SHEET NUMBER INDICATES SHEET 2 OF 4 BUT TOTAL DRAWING SET HAS 5 SHEETS -JDM,Documentation,6
REINFORCING BAR REBAR GRADE MUST BE ASTM A615 GRADE 60 PER STRUCTURAL SPEC,Material,10
Cable voltage drop calculation exceeds 3% allowable limit for 480V feeder,Calculation,8
TRANSFORMER SIZING CALCULATION DOES NOT ACCOUNT FOR CONTINUOUS MOTOR STARTING KVA -JCM,Calculation,8
Wrong weld callout: replace fillet weld with full penetration CJP groove weld on moment connection,Technical,0
Part number wrong on C-100 bracket mounting assembly: shows BRG-902 instead of BRG-904 -BEK,Technical,0
DIMENSION STRING DOES NOT CLOSE: 150 MM DISCREPANCY AT WALL INTERFACE BY: VSM,Dimension,2
Fabrication feasibility: weld joint between thick plates cannot be reached with welding gun,Feasibility,9
Incorrect material specified: line requires Duplex 2205 instead of carbon steel for corrosive service,Material,10
Inconsistent capitalization in equipment callouts: use all uppercase,Cosmetic,3
Dimension extension line detached from reference feature on plan view,Dimension,2
CLASH WITH CIVIL/STRUCTURAL: HVAC DUCT PENETRATES STRUCTURAL MOMENT FRAME BEAM,Coordination,5
MISSING DASHED HIDDEN LINE REPRESENTING EQUIPMENT CLEARANCE ENVELOPE,Drafting,1
ASME code stamp requirement symbol missing from pressure vessel nameplate callout,Standards,4
Line overlap observed between dimension extension line and centerline on grid C-5 -JCM,Drafting,1
FOUNDATION PILE LOAD CAPACITY INCONSISTENT WITH GEOTECHNICAL SOIL REPORT CALCULATION,Calculation,8
ADD ENVIRONMENTAL NOTE REGARDING SECONDARY CONTAINMENT DIKE DRAINAGE VALVE OPERATION,Notes,11
Drawing cross-reference index table incomplete on cover sheet,Documentation,6
Structural beam material callout missing ASTM specification standard on drawing -JDM,Material,10
MATERIAL SPECIFICATION REQUIRED FOR CABLE TRAY: HOT-DIP GALVANIZED STEEL VS ALUMINUM -JDM,Material,10
ECN number missing on engineering change detail for valve manifold bracket,Technical,0
P&ID symbology does not conform to company drafting standard STD-001,Standards,4
Material specification required for cable tray: hot-dip galvanized steel vs aluminum,Material,10
Material specification required for cable tray: hot-dip galvanized steel vs aluminum By: VSM,Material,10
Reinforcing bar rebar grade must be ASTM A615 Grade 60 per structural spec By: BreKol,Material,10
Title block CAD layer locked with outdated contractor company name By: VSM,Documentation,6
ECN NUMBER MISSING ON ENGINEERING CHANGE DETAIL FOR VALVE MANIFOLD BRACKET -JJD,Technical,0
STANDARD COMPLIANCE: INSTRUMENTATION TAG FORMAT DOES NOT FOLLOW ISA-5.1 NAMING RULE -JCM,Standards,4
Isometric drawing view orientation misaligned with plan coordinates -RJY,Drafting,1
ARROWHEAD MISSING ON SECTION CUT CALLOUT MARKER,Drafting,1
Drafting error: dimension line cuts through equipment outline -JCM,Drafting,1
Seismic anchor load calculation inconsistent with baseplate anchor embedment depth,Calculation,8
Codal compliance issue: aisle clearance width below NFPA minimum 36 inches By: BreKol,Standards,4
Revision block shows Rev 0 date but drawing contains Rev 1 markups,Revision,7
STANDARD COMPLIANCE: INSTRUMENTATION TAG FORMAT DOES NOT FOLLOW ISA-5.1 NAMING RULE,Standards,4
System clash: cable ladder obstructs access to emergency shower station,Coordination,5
ERECTION FEASIBILITY ISSUE: COLUMN SPLICE LOCATION INACCESSIBLE FOR MOBILE CRANE HOOK -JCM,Feasibility,9
STANDARD ELECTRICAL GROUNDING SYMBOL MISSING AT TRANSFORMER NEUTRAL CONNECTION -JCM,Standards,4
Delta revision symbol missing on updated elevation callout -BEK,Revision,7
Incorrect tolerance specified on hole pattern for E-301 baseplate,Technical,0
Inconsistent capitalization in equipment callouts: use all uppercase,Cosmetic,3
Flange facing standard designation RF vs FF non-compliant with ASME B16.5 -RJY,Standards,4
ERECTION FEASIBILITY: PROVIDE TEMPORARY LIFTING LUGS FOR MODULAR FRAME TRANSPORT -BEK,Feasibility,9
UPDATE BILL OF MATERIALS BOM TO REFLECT LATEST REVISION OF PIPING COMPONENT SCHEDULE,BOM,12
GROUT MATERIAL CALLOUT MUST SPECIFY NON-SHRINK CEMENTITIOUS GROUT PER PROJECT STANDARD,Material,10
Note callout on sheet 1 contradicts note 6 on companion drawing E-54725-29-C0-26403,Notes,11
Revision cloud missing around modified nozzle connection at grid D-2 -JDM,Revision,7
Pipe span deflection calculation exceeds L/240 criteria under hydrostatic test load -JJD,Calculation,8
GENERAL NOTE 2 REFERENCES OBSOLETE SPECIFICATION DOCUMENT 01-SPEC-1998: UPDATE TO REV 2026 -JDM,Notes,11
Seismic anchor load calculation inconsistent with baseplate anchor embedment depth By: BreKol,Calculation,8
"WRONG WELD CALLOUT: REPLACE FILLET WELD WITH 3/8"" FILLET WELD WITH BACKING BAR ON MOMENT CONNECTION BY: BREKOL",Technical,0
Previous revision cloud Rev A must be removed before issuing Rev B By: BreKol,Revision,7
TYPO IN GENERAL NOTE: 'VALVUE' SHOULD READ 'VALVE',Cosmetic,3
Incorrect nozzle flange connection rating 150# on vessel TK-401 -JJD,Technical,0
UPDATE GENERAL NOTE 12 REGARDING TORQUE REQUIREMENTS FOR STRUCTURAL HIGH-STRENGTH BOLTS -BEK,Notes,11
HAZARDOUS AREA CLASSIFICATION BOUNDARY SYMBOL MISSING PER NFPA 497 STANDARD,Standards,4
SECTION CUT SYMBOL ON SHEET 1 POINTS IN WRONG VIEWING DIRECTION,Drafting,1
Wrong valve body material: specify 316L stainless steel for acid injection line -RJY,Material,10
Inter-discipline interference: structural diagonal bracing blocks instrument transmitter display,Coordination,5
Erection feasibility: provide temporary lifting lugs for modular frame transport -BEK,Feasibility,9
Revision description vague: replace 'Revisions' with detailed change description -JJD,Revision,7
Font size too small on valve tag callouts: increase to standard 2.5mm,Cosmetic,3
Accessibility issue: transmitter display not readable from operating floor,Feasibility,9
DESIGN CALCULATION INCONSISTENCY: VESSEL WALL THICKNESS CALCULATION REQUIRES 12MM NOT 10MM -JCM,Calculation,8
CHECK WELD SYMBOL PITCH AND STAGGERED SPACING ON STIFFENER PLATE,Technical,0
TRANSPORT LIMIT: MODULAR UNIT HEIGHT 500 MM EXCEEDS RAILWAY OVERPASS CLEARANCE,Feasibility,9
ISOMETRIC DRAWING VIEW ORIENTATION MISALIGNED WITH PLAN COORDINATES -JDM,Drafting,1
Missing break line symbol on truncated pipe spool run -RJY,Drafting,1
INCORRECT PIPE SCHEDULE 20 SPECIFIED FOR DESIGN PRESSURE 150 PSI,Technical,0
Engineer and checker approval signatures and dates missing in sign-off block,Documentation,6
Standard compliance: instrumentation tag format does not follow ISA-5.1 naming rule,Standards,4
COORDINATE WITH CIVIL LEAD: CONCRETE PAD SIZE INSUFFICIENT FOR NEW PUMP SKID FOOTPRINT,Coordination,5
GENERAL NOTE 2 REFERENCES OBSOLETE SPECIFICATION DOCUMENT 01-SPEC-1998: UPDATE TO REV 2026 -UCC,Notes,11
MACHINING FINISH SYMBOL RA 3.2 MISSING ON SHAFT SEAL LANDING -RJY,Technical,0
BOM item table missing unit weight and total weight column entries,BOM,12
Incorrect general note 4: field verification of existing foundation elevation is mandatory -RJY,Notes,11
Short circuit current rating calculation does not support specified breaker kAIC rating,Calculation,8
Flange bolting accessibility: clearance between flange and vessel wall too tight for torque wrench,Feasibility,9
Pipe insulation material specification missing on high temperature steam line -MWR,Material,10
Spare parts list in bill of materials does not include replacement gasket sets,BOM,12
Anchor bolt material must be hot-dip galvanized ASTM F1554 Grade 55,Material,10
Font height inconsistent between sheet title and drawing subtitle,Cosmetic,3
Flange material must match pipe material specification ASTM A105 for CS lines -MWR,Material,10
Drawing release status still marked 'DRAFT': update to 'APPROVED FOR CONSTRUCTION',Documentation,6
Spelling error in note 3: 'reciever' should be corrected to 'receiver',Cosmetic,3
Welding symbol not compliant with AWS A2.4 standard notation,Standards,4
Revision cloud missing around modified nozzle connection at grid G-7 -BEK,Revision,7
TEXT JUSTIFICATION MISALIGNED IN EQUIPMENT TABLE COLUMN,Cosmetic,3
Note callout on sheet 1 contradicts note 6 on companion drawing S-70086-01-101 By: BreKol,Notes,11
NOZZLE PROJECTION DIMENSION MISSING FROM VESSEL OUTER SHELL,Dimension,2
NOTE DISCREPANCY: NOTE STATES GALVANIZE ALL STEEL BUT DETAIL INDICATES PAINTED FINISH,Notes,11
ELECTRICAL SCHEMATIC SYMBOLS DO NOT FOLLOW IEEE / IEC STANDARD CONVENTION,Standards,4
Material grade mismatch: structural plates show ASTM A36 instead of high-strength A992 -MWR,Material,10
CLASH WITH PIPING: 6 INCH CS LINE CONFLICTS WITH ELECTRICAL CABLE TRAY AT GRID C-5,Coordination,5
CALCULATION ERROR: THERMAL EXPANSION STRESS EXCEEDS ALLOWABLE CODE STRESS ON LINE 04-ST-201-SS,Calculation,8
FONT SIZE TOO SMALL ON VALVE TAG CALLOUTS: INCREASE TO STANDARD 2.5MM,Cosmetic,3
INTERFERENCE BETWEEN CRANE HOOK TRAVEL ENVELOPE AND LIGHTING FIXTURE LAYOUT -JDM,Coordination,5
Wrong weld symbol: field weld flag indicated instead of shop weld,Technical,0
"Transport limit: modular unit height 45'-0"" exceeds railway overpass clearance -JJD",Feasibility,9
DELTA SYMBOL CALLOUT 3 MISSING ON SHEET 2 REVISION HISTORY TABLE -RJY,Revision,7
Flange material must match pipe material specification ASTM A105 for CS lines,Material,10
Spelling mistake in coating spec note: 'galvanise' should be 'galvanized',Cosmetic,3
Revision cloud missing around modified nozzle connection at grid F-6 -BEK,Revision,7
UPDATE NOTE 8: SPECIFY PAINT AND PROTECTIVE COATING SYSTEM PER CLIENT SPECIFICATION,Notes,11
CODAL COMPLIANCE ISSUE: AISLE CLEARANCE WIDTH BELOW NFPA MINIMUM 36 INCHES,Standards,4
Update general note 12 regarding torque requirements for structural high-strength bolts -UCC,Notes,11
HAZARDOUS AREA CLASSIFICATION BOUNDARY SYMBOL MISSING PER NFPA 497 STANDARD,Standards,4
SAFETY SHOWER SYMBOL ORIENTATION VIOLATES ANSI Z358.1 SPECIFICATION,Standards,4
STANDARD ELECTRICAL GROUNDING SYMBOL MISSING AT TRANSFORMER NEUTRAL CONNECTION,Standards,4
Revision status in title block says Rev 1 but revision table lists Rev 2 By: VSM,Revision,7
Short circuit current rating calculation does not support specified breaker kAIC rating -RJY,Calculation,8
Material grade mismatch: structural plates show ASTM A36 instead of high-strength A992,Material,10
Missing hidden line for underground conduit duct bank on plan view,Drafting,1
DISCREPANCY IN PIPE DIAMETER CALLOUT: 6 INCH INDICATED ON PLAN BUT 8 INCH ON ELEVATION -RJY,Dimension,2
Clash with piping: 6 inch CS line conflicts with electrical cable tray at grid F-6 -JJD,Coordination,5
REVISION TRIANGLE TAG ON PLAN VIEW DOES NOT MATCH REVISION TABLE ENTRY,Revision,7
Pipe span deflection calculation exceeds L/240 criteria under hydrostatic test load,Calculation,8
Anchor bolt projection dimension from top of grout missing -JDM,Dimension,2
Interference between crane hook travel envelope and lighting fixture layout -MWR,Coordination,5
TYPO ERROR IN TITLE: 'STRUCTRAL' SHOULD BE 'STRUCTURAL' BY: VSM,Cosmetic,3
Thermal relief calculation missing for trapped liquid segment on line 174005-S12-04-P08,Calculation,8
BOM item table missing unit weight and total weight column entries By: VSM,BOM,12
Non-standard abbreviation used: replace 'VLV' with standard abbreviation per project code -UCC,Standards,4
UPDATE NOTE 8: SPECIFY PAINT AND PROTECTIVE COATING SYSTEM PER CLIENT SPECIFICATION -BEK,Notes,11
Coordinate with civil lead: concrete pad size insufficient for new pump skid footprint,Coordination,5
Revision issue status changed from IFD to IFC but revision table not updated -UCC,Revision,7
BOM item table missing unit weight and total weight column entries -JDM,BOM,12
Project work order number missing in document control block,Documentation,6
Design calculation inconsistency: vessel wall thickness calculation requires 12mm not 10mm,Calculation,8
REVISION TABLE NOT UPDATED: ADD REV B DESCRIPTION 'INCORPORATED CLIENT COMMENTS',Revision,7
Codal issue: egress platform landing dimensions violate NFPA 101 Life Safety Code,Standards,4
Text overlapping with drawing border at lower right corner -JDM,Cosmetic,3
Text alignment in general notes section is jagged: align left margins By: VSM,Cosmetic,3
MACHINING SYMBOL MISSING ON FLANGE MATING FACE SURFACE FINISH REQUIREMENT -JDM,Technical,0
Coordinate electrical power feed routing with underground drainage piping -JCM,Coordination,5
Drawing cross-reference index table incomplete on cover sheet -JJD,Documentation,6
UPDATE NOTES: ADD NOTE REGARDING POST-WELD HEAT TREATMENT PWHT REQUIREMENT -UCC,Notes,11
MISSING HIDDEN LINE FOR UNDERGROUND CONDUIT DUCT BANK ON PLAN VIEW BY: BREKOL,Drafting,1
"PROVIDE MISSING COORDINATE DIMENSIONS X, Y, Z FOR PIPE SUPPORT SHOE SUP-12 -RJY",Dimension,2
PROJECT CODE AND CAD DRAWING FILE NAME MISSING FROM TITLE BLOCK MARGIN,Documentation,6
Drawing cross-reference index table incomplete on cover sheet -UCC,Documentation,6
FABRICATION FEASIBILITY: TIGHT PIPE SPOOL GEOMETRY CANNOT BE HOT-DIP GALVANIZED WITHOUT POOLING,Feasibility,9
GROUT MATERIAL CALLOUT MUST SPECIFY NON-SHRINK CEMENTITIOUS GROUT PER PROJECT STANDARD -JCM,Material,10
MACHINING FINISH SYMBOL RA 3.2 MISSING ON SHAFT SEAL LANDING,Technical,0
FABRICATION FEASIBILITY: TIGHT PIPE SPOOL GEOMETRY CANNOT BE HOT-DIP GALVANIZED WITHOUT POOLING,Feasibility,9
Wrong gasket material: graphite filled spiral wound required for steam service,Material,10
INTERFERENCE BETWEEN FLARE HEADER EXPANSION LOOP AND EXISTING PIPE RACK COLUMN -BEK,Coordination,5
BOM item table missing unit weight and total weight column entries -BEK,BOM,12
Missing revision cloud on bill of materials row 4 modified quantity,Revision,7
UPDATE GENERAL NOTE 12 REGARDING TORQUE REQUIREMENTS FOR STRUCTURAL HIGH-STRENGTH BOLTS,Notes,11
Coordinate with civil lead: concrete pad size insufficient for new pump skid footprint,Coordination,5
Title block scale box shows 'NTS' but drawing is plotted to scale 1:50,Documentation,6
REVISION CLOUD INCOMPLETE: DOES NOT FULLY ENCLOSE MODIFIED PIPING SPOOL,Revision,7
FLANGE MATERIAL MUST MATCH PIPE MATERIAL SPECIFICATION ASTM A105 FOR CS LINES,Material,10
Valve operation feasibility: hand lever hits structural column when opening valve -JJD,Feasibility,9
DRAFTING VIEW MISMATCH: ISOMETRIC VIEW SHOWS VALVE THAT IS OMITTED ON PLAN VIEW -UCC,Drafting,1
Revision history block missing date and initial for Revision C -RJY,Revision,7
Revision cloud drawn with wrong line weight: must follow revision standard style,Revision,7
Missing break line symbol on truncated pipe spool run,Drafting,1
Interference between crane hook travel envelope and lighting fixture layout -JCM,Coordination,5
Spare parts list in bill of materials does not include replacement gasket sets,BOM,12
Corrosion allowance material buffer omitted in wall thickness specification,Material,10
DRAWING RELEASE STATUS STILL MARKED 'DRAFT': UPDATE TO 'APPROVED FOR CONSTRUCTION',Documentation,6
FABRICATION FEASIBILITY: TIGHT PIPE SPOOL GEOMETRY CANNOT BE HOT-DIP GALVANIZED WITHOUT POOLING,Feasibility,9
Erection feasibility issue: column splice location inaccessible for mobile crane hook -RJY,Feasibility,9
CHECK EQUIPMENT NOZZLE LOAD CONNECTION DETAILS ON T-502 INLET FLANGE -JDM,Technical,0
BOM description missing valve actuator model and air supply pressure rating,BOM,12
Gasket material specified is incompatible with process fluid: change to PTFE / Spiral Wound -BEK,Material,10
DRAFTING VIEW MISMATCH: ISOMETRIC VIEW SHOWS VALVE THAT IS OMITTED ON PLAN VIEW BY: VSM,Drafting,1
Material specification discrepancy between piping line list and isometric drawing -JJD,Material,10
Coordinate electrical power feed routing with underground drainage piping,Coordination,5
Material grade mismatch: structural plates show ASTM A36 instead of high-strength A992 -BEK,Material,10
TRANSFORMER SIZING CALCULATION DOES NOT ACCOUNT FOR CONTINUOUS MOTOR STARTING KVA -JCM,Calculation,8
Check weld symbol pitch and staggered spacing on stiffener plate -UCC,Technical,0
Incorrect general note 4: field verification of existing foundation elevation is mandatory,Notes,11
TUBING MATERIAL CALLOUT INCORRECT: SPECIFY SEAMLESS 316SS INSTRUMENT TUBING,Material,10
PART NUMBER IN BILL OF MATERIALS TABLE DOES NOT MATCH VENDOR CERTIFIED CUT SHEET -JJD,BOM,12
Interference between crane hook travel envelope and lighting fixture layout -BEK,Coordination,5
Piping and structural clash: pipe flange hits bottom flange of W12 beam -MWR,Coordination,5
Vessel nozzle reinforcement pad area calculation insufficient for external piping moment,Calculation,8
Revision status in title block says Rev 1 but revision table lists Rev 2 -JCM,Revision,7
Spelling mistake in coating spec note: 'galvanise' should be 'galvanized',Cosmetic,3
Missing break line symbol on truncated pipe spool run By: VSM,Drafting,1
Equipment transport feasibility: skid width exceeds maximum roadway shipping clearance,Feasibility,9
Verify missing setback dimension from property boundary line -JDM,Dimension,2
Grout material callout must specify non-shrink cementitious grout per project standard By: VSM,Material,10
Coordinate tie-in point TP-143 location between piping and battery limit package,Coordination,5
Missing reference drawing numbers for electrical tie-in in documentation block,Documentation,6
VESSEL NOZZLE REINFORCEMENT PAD AREA CALCULATION INSUFFICIENT FOR EXTERNAL PIPING MOMENT,Calculation,8
Missing match line callout on sheet 4 for continuation on sheet 2,Drafting,1
Wrong valve body material: specify 316L stainless steel for acid injection line -UCC,Material,10
SAFETY RELIEF VALVE SYMBOL DOES NOT COMPLY WITH API 526 STANDARD REPRESENTATION BY: BREKOL,Standards,4
NOTE REFERENCE ERROR: DETAIL REFERS TO NOTE 15 BUT NOTES LIST ONLY GOES UP TO NOTE 11,Notes,11
FABRICATION FEASIBILITY: TIGHT PIPE SPOOL GEOMETRY CANNOT BE HOT-DIP GALVANIZED WITHOUT POOLING,Feasibility,9
Clash detected in 3D model between fire protection sprinkler header and structural brace -JDM,Coordination,5
Revision note missing: reference ECN-4081 in revision description column,Revision,7
Wrong valve body material: specify 316L stainless steel for acid injection line,Material,10
Maintenance feasibility: filter basket cannot be removed without disconnecting piping,Feasibility,9
Note reference error: detail refers to note 15 but notes list only goes up to note 11,Notes,11
FONT HEIGHT INCONSISTENT BETWEEN SHEET TITLE AND DRAWING SUBTITLE,Cosmetic,3
Revision status in title block says Rev 1 but revision table lists Rev 2 -MWR,Revision,7
PART NUMBER IN BILL OF MATERIALS TABLE DOES NOT MATCH VENDOR CERTIFIED CUT SHEET -MWR,BOM,12
Wrong weld symbol: field weld flag indicated instead of shop weld,Technical,0
MACHINING SYMBOL MISSING ON FLANGE MATING FACE SURFACE FINISH REQUIREMENT,Technical,0
Typo in general note: 'valvue' should read 'valve' -RJY,Cosmetic,3
Missing dashed hidden line representing equipment clearance envelope -JCM,Drafting,1
General note regarding field touch-up paint missing from structural drawing -RJY,Notes,11
NON-STANDARD ABBREVIATION USED: REPLACE 'VLV' WITH STANDARD ABBREVIATION PER PROJECT CODE,Standards,4
FIELD WELD ACCESSIBILITY: JOINT LOCATED INSIDE ENCLOSED BOX BEAM CANNOT BE INSPECTED,Feasibility,9
PART NUMBER MISMATCH BETWEEN ASSEMBLY DRAWING AND SUB-ASSEMBLY DETAIL,Technical,0
Project work order number missing in document control block -RJY,Documentation,6
Flow rate calculation discrepancy between PFD heat & material balance and line schedule -JDM,Calculation,8
Typo error in title: 'structral' should be 'structural' -BEK,Cosmetic,3
"Tolerance callout +/- 1/16"" missing on overall skid length dimension By: VSM",Dimension,2
Part number wrong on C-100 bracket mounting assembly: shows FST-882-SS instead of BKT-4081-B,Technical,0
COORDINATE WITH ARCHITECTURAL TEAM: WALL PENETRATION SLEEVE LOCATION CONFLICTS WITH COLUMN -JJD,Coordination,5
Hidden lines showing as solid lines in elevation section view,Drafting,1
Typo error in title block: 'ENGINEERINGG' misspelled with double G,Cosmetic,3
Incorrect pipe schedule XXS specified for design pressure 150 PSI -UCC,Technical,0
Valve handwheel location unreachable from operating platform: add chain wheel operator,Feasibility,9
Revision triangle tag on plan view does not match revision table entry -UCC,Revision,7
RELIEF VALVE SIZING CALCULATION SHEET INDICATES ORIFICE AREA 0.50 SQ IN BUT DRAWING SHOWS 0.38,Calculation,8
HAZARDOUS AREA CLASSIFICATION BOUNDARY SYMBOL MISSING PER NFPA 497 STANDARD -BEK,Standards,4
REVISION CLOUD OVERLAPS DRAWING TITLE BLOCK: REPOSITION CLOUD BOUNDARY -JCM,Revision,7
Update BOM item descriptions to match standard SAP catalog naming conventions,BOM,12
Note discrepancy: note states galvanize all steel but detail indicates painted finish -JJD,Notes,11
CLASH BETWEEN GRAVITY DRAIN LINE SLOPE AND UNDERGROUND ELECTRICAL DUCT BANK -RJY,Coordination,5
Revision history block missing date and initial for Revision C,Revision,7
Missing revision cloud on bill of materials row 4 modified quantity,Revision,7
ELECTRICAL SCHEMATIC SYMBOLS DO NOT FOLLOW IEEE / IEC STANDARD CONVENTION,Standards,4
Multiple revisions mixed on sheet: clear Rev 1 clouds and keep only Rev 2 changes -JCM,Revision,7
Wrong weld symbol: field weld flag indicated instead of shop weld,Technical,0
Leader line crossing dimension string: reroute leader to detail bubble,Drafting,1
REVISION HISTORY BLOCK MISSING DATE AND INITIAL FOR REVISION C -BEK,Revision,7
Revision block shows Rev 0 date but drawing contains Rev 1 markups -RJY,Revision,7
PIPING AND STRUCTURAL CLASH: PIPE FLANGE HITS BOTTOM FLANGE OF W12 BEAM,Coordination,5
Missing client drawing reference number in master title block,Documentation,6
Pipe span deflection calculation exceeds L/240 criteria under hydrostatic test load By: BreKol,Calculation,8
DRAWING STATUS STAMP MISSING: STAMP 'ISSUED FOR CONSTRUCTION' BEFORE RELEASE -UCC,Documentation,6
DRAFTING ERROR: DIMENSION LINE CUTS THROUGH EQUIPMENT OUTLINE -BEK,Drafting,1
Coordinate HVAC supply register location with overhead cable tray run -RJY,Coordination,5
Add mandatory safety note: 'Do not energize equipment prior to interlock validation',Notes,11
Spelling error: 'pressur' missing 'e' in pipe line description -UCC,Cosmetic,3
BOM item 5 size callout shows 4 inch but isometric drawing shows 6 inch pipe -JCM,BOM,12
Wrong gasket material: graphite filled spiral wound required for steam service,Material,10
REINFORCING BAR REBAR GRADE MUST BE ASTM A615 GRADE 60 PER STRUCTURAL SPEC -MWR,Material,10
Weld size undersized: 1/4 inch fillet weld specified but 3/8 inch required for base metal thickness -JJD,Technical,0
Transformer sizing calculation does not account for continuous motor starting kVA -BEK,Calculation,8
Incorrect general note 4: field verification of existing foundation elevation is mandatory,Notes,11
MATERIAL TAKE-OFF MTO LINE ITEM MISSING FOR PIPE REDUCER ON LINE 174005-S12-04-P08 BY: VSM,BOM,12
Clash between gravity drain line slope and underground electrical duct bank,Coordination,5
COORDINATE INSTRUMENT AIR SUPPLY LINE ROUTING WITH CONTROL VALVE MANIFOLD BY: VSM,Coordination,5
TRANSFORMER SIZING CALCULATION DOES NOT ACCOUNT FOR CONTINUOUS MOTOR STARTING KVA,Calculation,8
Overlapping text and leader lines obscuring nozzle callout on C-100 By: BreKol,Drafting,1
General note 2 references obsolete specification document 01-SPEC-1998: update to Rev 2026 -JCM,Notes,11
BEARING PRESSURE CALCULATION UNDER FOOTING EXCEEDS ALLOWABLE SOIL BEARING CAPACITY,Calculation,8
SAFETY SHOWER SYMBOL ORIENTATION VIOLATES ANSI Z358.1 SPECIFICATION -JDM,Standards,4
Drawing status stamp missing: stamp 'ISSUED FOR CONSTRUCTION' before release -RJY,Documentation,6
TEXT ALIGNMENT IN GENERAL NOTES SECTION IS JAGGED: ALIGN LEFT MARGINS,Cosmetic,3
SYSTEM CLASH: CABLE LADDER OBSTRUCTS ACCESS TO EMERGENCY SHOWER STATION,Coordination,5
Flange material must match pipe material specification ASTM A105 for CS lines,Material,10
Documentation hold: pending vendor certified drawing attachment -MWR,Documentation,6
General note 2 references obsolete specification document 01-SPEC-1998: update to Rev 2026,Notes,11
P&ID SYMBOLOGY DOES NOT CONFORM TO COMPANY DRAFTING STANDARD STD-001,Standards,4
Spare parts list in bill of materials does not include replacement gasket sets,BOM,12
Note 5 wording unclear: revise to state clearly 'All dimensions are in millimeters unless noted' By: VSM,Notes,11
"Tolerance callout +/- 1/16"" missing on overall skid length dimension",Dimension,2
Material specification discrepancy between piping line list and isometric drawing,Material,10
Incomplete documentation: missing reference standard specification document number -RJY,Documentation,6
REVISION STATUS IN TITLE BLOCK SAYS REV 1 BUT REVISION TABLE LISTS REV 2 -MWR,Revision,7
WELD SIZE UNDERSIZED: 1/4 INCH FILLET WELD SPECIFIED BUT 3/8 INCH REQUIRED FOR BASE METAL THICKNESS,Technical,0
CL EL EL +14.500m callout missing for pipe centerline on elevation view By: VSM,Dimension,2
Delta symbol callout 3 missing on sheet 2 revision history table -JCM,Revision,7
Geometric tolerancing GD&T frame symbol missing datum reference per ASME Y14.5 By: BreKol,Standards,4
Typo error in title block: 'ENGINEERINGG' misspelled with double G,Cosmetic,3
Bill of materials quantity error: 16 bolts required per flange pair but BOM lists 8,BOM,12
Center-to-center dimension between nozzles N1 and N2 is missing,Dimension,2
Incorrect distance between anchor bolt centers on foundation template -MWR,Dimension,2
TITLE BLOCK INCOMPLETE: PROJECT NUMBER AND DRAWING REVISION LETTER MISSING,Documentation,6
WRONG GASKET MATERIAL: GRAPHITE FILLED SPIRAL WOUND REQUIRED FOR STEAM SERVICE -UCC,Material,10
Hydraulic gradient calculation discrepancy on gravity sewer line slope -JDM,Calculation,8
DELTA REVISION SYMBOL MISSING ON UPDATED ELEVATION CALLOUT -UCC,Revision,7
Field assembly feasibility: provide bolted splice instead of field full-penetration weld,Feasibility,9
HYDRAULIC GRADIENT CALCULATION DISCREPANCY ON GRAVITY SEWER LINE SLOPE,Calculation,8
Incorrect note: reference to hydrotest pressure in note 3 contradicts line schedule -JCM,Notes,11
CLASH BETWEEN GRAVITY DRAIN LINE SLOPE AND UNDERGROUND ELECTRICAL DUCT BANK -MWR,Coordination,5
DISCREPANCY BETWEEN BOM ITEM COUNT AND CALLOUT BUBBLE COUNT ON ASSEMBLY VIEW -JDM,BOM,12
Anchor bolt projection dimension from top of grout missing By: VSM,Dimension,2
Mandatory note missing: 'Contractor shall verify all tie-in dimensions prior to fabrication',Notes,11
Typo error in title block: 'ENGINEERINGG' misspelled with double G -BEK,Cosmetic,3
Incorrect elevation callout: TOC shows EL +108.250' but Section shows EL +108.250' -MWR,Dimension,2
INCORRECT MEMBER SIZE FOR GIRDER G-1: UPGRADE HSS 6X6X3/8 TO W24X104 FOR SPAN LOAD,Technical,0
PIPE HANGER SUPPORT SYMBOL NON-COMPLIANT WITH MSS SP-58 STANDARD -UCC,Standards,4
Anchor bolt material must be hot-dip galvanized ASTM F1554 Grade 55 -JCM,Material,10
Incomplete documentation: missing reference standard specification document number By: VSM,Documentation,6
Drawing title does not match master document register index,Documentation,6
"Tolerance callout +/- 1/16"" missing on overall skid length dimension -MWR",Dimension,2
Seismic anchor load calculation inconsistent with baseplate anchor embedment depth By: BreKol,Calculation,8
Line weight for piping header too thin: distinguish from background grid lines,Drafting,1
Calculation error: thermal expansion stress exceeds allowable code stress on line 12-CW-305-CS,Calculation,8
Clash with civil/structural: HVAC duct penetrates structural moment frame beam -JCM,Coordination,5
"PROVIDE MISSING COORDINATE DIMENSIONS X, Y, Z FOR PIPE SUPPORT SHOE SUP-12",Dimension,2
Update piping notes to include minimum slope requirement on condensate headers -JJD,Notes,11
Revision issue status changed from IFD to IFC but revision table not updated,Revision,7
GASKET MATERIAL SPECIFIED IS INCOMPATIBLE WITH PROCESS FLUID: CHANGE TO PTFE / SPIRAL WOUND -BEK,Material,10
Coordinate with mechanical: equipment nozzle loads exceed allowable piping interface limits -JJD,Coordination,5
Clash with piping: 6 inch CS line conflicts with electrical cable tray at grid B-3,Coordination,5
ELECTRICAL SCHEMATIC SYMBOLS DO NOT FOLLOW IEEE / IEC STANDARD CONVENTION -BEK,Standards,4
CHECK WELD SYMBOL PITCH AND STAGGERED SPACING ON STIFFENER PLATE BY: VSM,Technical,0
Text justification misaligned in equipment table column,Cosmetic,3
Incorrect material specified: line requires Alloy 20 instead of carbon steel for corrosive service,Material,10
Sheet number indicates sheet 2 of 4 but total drawing set has 5 sheets By: VSM,Documentation,6
ASME CODE STAMP REQUIREMENT SYMBOL MISSING FROM PRESSURE VESSEL NAMEPLATE CALLOUT,Standards,4
Revision history block missing date and initial for Revision C By: BreKol,Revision,7
Seismic anchor load calculation inconsistent with baseplate anchor embedment depth By: VSM,Calculation,8
DOCUMENTATION HOLD: PENDING VENDOR CERTIFIED DRAWING ATTACHMENT,Documentation,6
INCORRECT MANUFACTURER NAME LISTED IN BILL OF MATERIALS FOR MOTOR STARTER UNIT,BOM,12
Pipe insulation material specification missing on high temperature steam line,Material,10
NOTE 5 WORDING UNCLEAR: REVISE TO STATE CLEARLY 'ALL DIMENSIONS ARE IN MILLIMETERS UNLESS NOTED' -BEK,Notes,11
Check weld symbol pitch and staggered spacing on stiffener plate,Technical,0
Line weight for piping header too thin: distinguish from background grid lines -JCM,Drafting,1
Incorrect flange rating listed in bill of materials table for item 12 -BEK,BOM,12
HYDRAULIC GRADIENT CALCULATION DISCREPANCY ON GRAVITY SEWER LINE SLOPE BY: VSM,Calculation,8
Relief valve sizing calculation sheet indicates orifice area 0.50 sq in but drawing shows 0.38,Calculation,8
DRAFTING ERROR: DIMENSION LINE CUTS THROUGH EQUIPMENT OUTLINE -MWR,Drafting,1
Note 5 wording unclear: revise to state clearly 'All dimensions are in millimeters unless noted' -JCM,Notes,11
CHECK EQUIPMENT NOZZLE LOAD CONNECTION DETAILS ON T-502 INLET FLANGE,Technical,0
Text callout rotated at odd angle: align horizontally for readability,Cosmetic,3
"INCORRECT DIMENSION: OVERALL LENGTH SHOWS 500 MM BUT SUM OF SEGMENT CALLOUTS IS 12'-6"" BY: BREKOL",Dimension,2
Coordinate with civil lead: concrete pad size insufficient for new pump skid footprint,Coordination,5
DESIGN CALCULATION INCONSISTENCY: VESSEL WALL THICKNESS CALCULATION REQUIRES 12MM NOT 10MM -JDM,Calculation,8
MATERIAL GRADE MISMATCH: STRUCTURAL PLATES SHOW ASTM A36 INSTEAD OF HIGH-STRENGTH A992 BY: BREKOL,Material,10
SHEET NUMBER INDICATES SHEET 2 OF 4 BUT TOTAL DRAWING SET HAS 5 SHEETS,Documentation,6
Center-to-center dimension between nozzles N1 and N2 is missing -BEK,Dimension,2
Check equipment nozzle load connection details on P-204A/B inlet flange,Technical,0
Documentation hold: pending vendor certified drawing attachment -MWR,Documentation,6
Design inconsistency: pressure drop calculation does not match line sizing on P&ID,Calculation,8
BOM part number typo: replace vendor code XYZ-100 with XYZ-200,BOM,12
"FABRICATION ISSUE: MINIMUM BEND RADIUS ON 1/2"" STRUCTURAL PLATE WILL CAUSE CRACKING",Feasibility,9
Revision status in title block says Rev 1 but revision table lists Rev 2 -RJY,Revision,7
ANCHOR BOLT PROJECTION DIMENSION FROM TOP OF GROUT MISSING,Dimension,2
SPELLING MISTAKE IN COATING SPEC NOTE: 'GALVANISE' SHOULD BE 'GALVANIZED' -JCM,Cosmetic,3
Center-to-center dimension between nozzles N1 and N2 is missing,Dimension,2
CABLE VOLTAGE DROP CALCULATION EXCEEDS 3% ALLOWABLE LIMIT FOR 480V FEEDER -UCC,Calculation,8
INCORRECT DISTANCE BETWEEN ANCHOR BOLT CENTERS ON FOUNDATION TEMPLATE BY: VSM,Dimension,2
"TOLERANCE CALLOUT +/- 1/16"" MISSING ON OVERALL SKID LENGTH DIMENSION -JJD",Dimension,2
Wrong projection views: Section E-E projection is inverted from plan -JDM,Drafting,1
Title block scale box shows 'NTS' but drawing is plotted to scale 1:50,Documentation,6
Typo error in title block: 'ENGINEERINGG' misspelled with double G -UCC,Cosmetic,3
Drawing title does not match master document register index -UCC,Documentation,6
Update bill of materials BOM to reflect latest revision of piping component schedule,BOM,12
Wrong valve body material: specify 316L stainless steel for acid injection line -JJD,Material,10
Standard electrical grounding symbol missing at transformer neutral connection -JJD,Standards,4
Inter-discipline clash: pipe support bracket interferes with instrument junction box JB-204,Coordination,5
COORDINATE WITH MECHANICAL: EQUIPMENT NOZZLE LOADS EXCEED ALLOWABLE PIPING INTERFACE LIMITS,Coordination,5
OVERLAPPING TEXT AND LEADER LINES OBSCURING NOZZLE CALLOUT ON P-204A/B -JDM,Drafting,1
DELTA REVISION SYMBOL MISSING ON UPDATED ELEVATION CALLOUT BY: BREKOL,Revision,7
BOM description missing valve actuator model and air supply pressure rating -RJY,BOM,12
VALVE HANDWHEEL LOCATION UNREACHABLE FROM OPERATING PLATFORM: ADD CHAIN WHEEL OPERATOR -BEK,Feasibility,9
Revise note 1 to reference the latest geotechnical site investigation report -JDM,Notes,11
Machining symbol missing on flange mating face surface finish requirement,Technical,0
Erection feasibility issue: column splice location inaccessible for mobile crane hook -BEK,Feasibility,9
ELECTRICAL SCHEMATIC SYMBOLS DO NOT FOLLOW IEEE / IEC STANDARD CONVENTION BY: VSM,Standards,4
Clash between gravity drain line slope and underground electrical duct bank By: BreKol,Coordination,5
INCORRECT PIPE SCHEDULE 20 SPECIFIED FOR DESIGN PRESSURE 50 PSI,Technical,0
Document distribution stamp incomplete: missing transmittal number -RJY,Documentation,6
Dimension callout from survey monument datum is missing on plot plan,Dimension,2
Missing radial clearance dimension around valve handwheel,Dimension,2
VERIFY STRUCTURAL CONNECTION CAPACITY: SHEAR TAB BOLT COUNT INSUFFICIENT,Technical,0
FABRICATION FEASIBILITY: WELD JOINT BETWEEN THICK PLATES CANNOT BE REACHED WITH WELDING GUN,Feasibility,9
BOM TABLE COLUMN FOR MATERIAL GRADE IS BLANK FOR ITEMS 3 THROUGH 8 BY: VSM,BOM,12
Incorrect member size for cross brace B-04: upgrade HSS 6x6x3/8 to W24x104 for span load,Technical,0
"TOLERANCE CALLOUT +/- 1/16"" MISSING ON OVERALL SKID LENGTH DIMENSION",Dimension,2
Update piping notes to include minimum slope requirement on condensate headers -RJY,Notes,11
INCORRECT TOLERANCE SPECIFIED ON HOLE PATTERN FOR TK-401 BASEPLATE,Technical,0
CHECK PIPE SPOOL CUT LENGTH DIMENSION: ACCOUNT FOR GASKET THICKNESS,Dimension,2
Design inconsistency: pressure drop calculation does not match line sizing on P&ID,Calculation,8
FLANGE MATERIAL MUST MATCH PIPE MATERIAL SPECIFICATION ASTM A105 FOR CS LINES,Material,10
LEADER LINE CROSSING DIMENSION STRING: REROUTE LEADER TO DETAIL BUBBLE -JJD,Drafting,1
DESIGN CALCULATION INCONSISTENCY: HEAT LOSS CALCULATION REQUIRES 50MM INSULATION NOT 25MM,Calculation,8
Bearing pressure calculation under footing exceeds allowable soil bearing capacity,Calculation,8
Check equipment nozzle load connection details on C-100 inlet flange -RJY,Technical,0
Typo in general note: 'valvue' should read 'valve',Cosmetic,3
Drafting error: dimension line cuts through equipment outline -UCC,Drafting,1
CHECK WELD SYMBOL PITCH AND STAGGERED SPACING ON STIFFENER PLATE -JJD,Technical,0
Text alignment in general notes section is jagged: align left margins -JCM,Cosmetic,3
MACHINING SYMBOL MISSING ON FLANGE MATING FACE SURFACE FINISH REQUIREMENT,Technical,0
ECN no missing on revised gusset plate detail,Technical,0
Clash between gravity drain line slope and underground electrical duct bank By: BreKol,Coordination,5
Wrong weld symbol: field weld flag indicated instead of shop weld -JCM,Technical,0
ECN number missing on engineering change detail for reboiler saddle,Technical,0
Fastener material callout incorrect: specify ASTM A193 Gr. B7 studs with 2H heavy hex nuts,Material,10
ECN number missing on engineering change detail for pipe rack anchor frame -MWR,Technical,0
Rigging and lifting lug placement causes center of gravity tilt during erection,Feasibility,9
Missing vertical clearance dimension below overhead monorail beam -JJD,Dimension,2
UPDATE GENERAL NOTE 12 REGARDING TORQUE REQUIREMENTS FOR STRUCTURAL HIGH-STRENGTH BOLTS -MWR,Notes,11
Transformer sizing calculation does not account for continuous motor starting kVA,Calculation,8
Wrong weld callout: replace fillet weld with complete joint penetration weld on moment connection By: VSM,Technical,0
Tubing material callout incorrect: specify seamless 316SS instrument tubing -JCM,Material,10
Material take-off MTO line item missing for pipe reducer on line 12-CW-305-CS -JJD,BOM,12
Update bill of materials BOM to reflect latest revision of piping component schedule,BOM,12
VERIFY MISSING SETBACK DIMENSION FROM PROPERTY BOUNDARY LINE -UCC,Dimension,2
Pump maintenance feasibility: motor cannot be removed without dismantling overhead piping,Feasibility,9
Anchor bolt material must be hot-dip galvanized ASTM F1554 Grade 55 -MWR,Material,10
INTERFERENCE BETWEEN FLARE HEADER EXPANSION LOOP AND EXISTING PIPE RACK COLUMN,Coordination,5
Add general note specifying concrete minimum 28-day compressive strength 4000 PSI,Notes,11
TYPO IN NOTE 7: 'FEEDEER' CORRECTED TO 'FEEDER' -JCM,Cosmetic,3
Spare parts list in bill of materials does not include replacement gasket sets By: BreKol,BOM,12
ECN NUMBER MISSING ON ENGINEERING CHANGE DETAIL FOR REBOILER SADDLE -JCM,Technical,0
Check equipment nozzle load connection details on TK-401 inlet flange -JCM,Technical,0
Wind load overturning moment calculation inconsistent with anchor bolt sizing,Calculation,8
Transformer sizing calculation does not account for continuous motor starting kVA,Calculation,8
DIMENSION EXTENSION LINE DETACHED FROM REFERENCE FEATURE ON PLAN VIEW,Dimension,2
MTO discrepancy: structural framing schedule omitted W10x49 beam material take-off,BOM,12
Isometric drawing view orientation misaligned with plan coordinates By: VSM,Drafting,1
Gasket material specified is incompatible with process fluid: change to PTFE / Spiral Wound -UCC,Material,10
WRONG GASKET MATERIAL: GRAPHITE FILLED SPIRAL WOUND REQUIRED FOR STEAM SERVICE -RJY,Material,10
Overall height dimension missing from skid base frame to top of vessel nozzle,Dimension,2
"PROVIDE MISSING COORDINATE DIMENSIONS X, Y, Z FOR PIPE SUPPORT SHOE SH-08 -JCM",Dimension,2
FABRICATION FEASIBILITY: WELD JOINT BETWEEN THICK PLATES CANNOT BE REACHED WITH WELDING GUN BY: BREKOL,Feasibility,9
SPELLING MISTAKE IN COATING SPEC NOTE: 'GALVANISE' SHOULD BE 'GALVANIZED' -JJD,Cosmetic,3
MAINTENANCE ACCESSIBILITY: INSUFFICIENT CLEARANCE TO PULL HEAT EXCHANGER TUBE BUNDLE -BEK,Feasibility,9
Valve handwheel location unreachable from operating platform: add chain wheel operator,Feasibility,9
FONT STYLE INCONSISTENT: USE STANDARD ROMANS FONT THROUGHOUT SHEET -MWR,Cosmetic,3
Font style inconsistent: use standard Romans font throughout sheet -RJY,Cosmetic,3
Documentation hold: pending vendor certified drawing attachment -BEK,Documentation,6
REVISION CLOUD MISSING AROUND MODIFIED NOZZLE CONNECTION AT GRID C-5,Revision,7
ADD MANDATORY SAFETY NOTE: 'DO NOT ENERGIZE EQUIPMENT PRIOR TO INTERLOCK VALIDATION',Notes,11
Emergency exit signage symbol not per ISO 7010 safety sign standard,Standards,4
MISSING REVISION TRIANGLE TAG NEXT TO REVISED BEAM SIZE ON FRAMING PLAN -RJY,Revision,7
Revision history block missing date and initial for Revision C -UCC,Revision,7
Incorrect note: reference to hydrotest pressure in note 3 contradicts line schedule,Notes,11
BOM item table missing unit weight and total weight column entries,BOM,12
MISSING MATCH LINE CALLOUT ON SHEET 2 FOR CONTINUATION ON SHEET 1 -MWR,Drafting,1
REVISION ISSUE STATUS CHANGED FROM IFD TO IFC BUT REVISION TABLE NOT UPDATED -UCC,Revision,7
HAZARDOUS AREA CLASSIFICATION BOUNDARY SYMBOL MISSING PER NFPA 497 STANDARD,Standards,4
NOTE 5 WORDING UNCLEAR: REVISE TO STATE CLEARLY 'ALL DIMENSIONS ARE IN MILLIMETERS UNLESS NOTED',Notes,11
Incorrect dimension: overall length shows 500 mm but sum of segment callouts is 150 mm,Dimension,2
Text callout rotated at odd angle: align horizontally for readability,Cosmetic,3
Note callout on sheet 1 contradicts note 6 on companion drawing E-54725-29-C0-26403 By: BreKol,Notes,11
Drawing release status still marked 'DRAFT': update to 'APPROVED FOR CONSTRUCTION' -JDM,Documentation,6
BOM ITEM TABLE ROW 9 MISSING ASTM MATERIAL SPECIFICATION NUMBER BY: VSM,BOM,12
Anchor bolt projection dimension from top of grout missing,Dimension,2
Transport limit: modular unit height 1200 mm exceeds railway overpass clearance,Feasibility,9
CODAL ISSUE: STAIR HANDRAIL HEIGHT 500 MM DOES NOT MEET OSHA/IBC STANDARD MINIMUM 42 INCHES -UCC,Standards,4
Incomplete documentation: missing reference standard specification document number -MWR,Documentation,6
Standard electrical grounding symbol missing at transformer neutral connection,Standards,4
Incorrect symbol used for check valve: per ISA-5.1 standard replace with standard symbol -JJD,Standards,4
SPELLING ERROR: 'PRESSUR' MISSING 'E' IN PIPE LINE DESCRIPTION,Cosmetic,3
ECN NO MISSING ON REVISED GUSSET PLATE DETAIL,Technical,0
Pipe schedule standard callout non-compliant with ASME B36.10M By: BreKol,Standards,4
DISCREPANCY BETWEEN BOM ITEM COUNT AND CALLOUT BUBBLE COUNT ON ASSEMBLY VIEW,BOM,12
PROJECT WORK ORDER NUMBER MISSING IN DOCUMENT CONTROL BLOCK,Documentation,6
Seismic anchor load calculation inconsistent with baseplate anchor embedment depth -RJY,Calculation,8
INCORRECT GENERAL NOTE 4: FIELD VERIFICATION OF EXISTING FOUNDATION ELEVATION IS MANDATORY,Notes,11
PART NUMBER MISMATCH BETWEEN ASSEMBLY DRAWING AND SUB-ASSEMBLY DETAIL,Technical,0
DRAWING STATUS STAMP MISSING: STAMP 'ISSUED FOR CONSTRUCTION' BEFORE RELEASE -UCC,Documentation,6
VERIFY MISSING SETBACK DIMENSION FROM PROPERTY BOUNDARY LINE -JJD,Dimension,2
Project work order number missing in document control block -RJY,Documentation,6
Missing sheet reference callout: 'See companion sheet S-70086-01-101 for continuation' -UCC,Documentation,6
NOTE DISCREPANCY: NOTE STATES GALVANIZE ALL STEEL BUT DETAIL INDICATES PAINTED FINISH,Notes,11
Pump maintenance feasibility: motor cannot be removed without dismantling overhead piping,Feasibility,9
Incorrect symbol used for check valve: per ISA-5.1 standard replace with standard symbol,Standards,4
CHECK WELD SYMBOL PITCH AND STAGGERED SPACING ON STIFFENER PLATE,Technical,0
Foundation pile load capacity inconsistent with geotechnical soil report calculation,Calculation,8
OVERLAPPING TEXT AND LEADER LINES OBSCURING NOZZLE CALLOUT ON P-204A/B,Drafting,1
Inter-discipline clash: pipe support bracket interferes with instrument junction box JB-204,Coordination,5
Text overlapping with drawing border at lower right corner,Cosmetic,3
Font size too small on valve tag callouts: increase to standard 2.5mm By: BreKol,Cosmetic,3
Typo error in title: 'structral' should be 'structural',Cosmetic,3
DISCREPANCY IN PIPE DIAMETER CALLOUT: 6 INCH INDICATED ON PLAN BUT 8 INCH ON ELEVATION -RJY,Dimension,2
General notes page says scan survey date 06/19/25: please clarify survey reference note,Notes,11
GROUT MATERIAL CALLOUT MUST SPECIFY NON-SHRINK CEMENTITIOUS GROUT PER PROJECT STANDARD -JDM,Material,10
Non-standard abbreviation used: replace 'VLV' with standard abbreviation per project code,Standards,4
SPARE PARTS LIST IN BILL OF MATERIALS DOES NOT INCLUDE REPLACEMENT GASKET SETS,BOM,12
SPELLING ERROR IN NOTE 3: 'RECIEVER' SHOULD BE CORRECTED TO 'RECEIVER',Cosmetic,3
Missing break line symbol on truncated pipe spool run -UCC,Drafting,1
Equipment transport feasibility: skid width exceeds maximum roadway shipping clearance -JJD,Feasibility,9
Discrepancy in pipe diameter callout: 6 inch indicated on plan but 8 inch on elevation,Dimension,2
Section cut symbol on sheet 4 points in wrong viewing direction,Drafting,1
TRANSPORT LIMIT: MODULAR UNIT HEIGHT 1200 MM EXCEEDS RAILWAY OVERPASS CLEARANCE -BEK,Feasibility,9
Update piping notes to include minimum slope requirement on condensate headers,Notes,11
Drafting error: dimension line cuts through equipment outline,Drafting,1
Font style inconsistent: use standard Romans font throughout sheet -MWR,Cosmetic,3
Revision cloud incomplete: does not fully enclose modified piping spool,Revision,7
ADD GENERAL NOTE SPECIFYING CONCRETE MINIMUM 28-DAY COMPRESSIVE STRENGTH 4000 PSI,Notes,11
Font style inconsistent: use standard Romans font throughout sheet,Cosmetic,3
Cable voltage drop calculation exceeds 3% allowable limit for 480V feeder -JJD,Calculation,8
SAFETY SHOWER SYMBOL ORIENTATION VIOLATES ANSI Z358.1 SPECIFICATION,Standards,4
Previous revision cloud Rev A must be removed before issuing Rev B -BEK,Revision,7
Flow rate calculation discrepancy between PFD heat & material balance and line schedule,Calculation,8
HIDDEN LINES SHOWING AS SOLID LINES IN ELEVATION SECTION VIEW,Drafting,1
Title block incomplete: project number and drawing revision letter missing By: BreKol,Documentation,6
Leader line crossing dimension string: reroute leader to detail bubble -BEK,Drafting,1
CHECK WELD SYMBOL PITCH AND STAGGERED SPACING ON STIFFENER PLATE BY: BREKOL,Technical,0
Wrong weld symbol: field weld flag indicated instead of shop weld -JCM,Technical,0
Seismic anchor load calculation inconsistent with baseplate anchor embedment depth,Calculation,8
Design calculation inconsistency: heat loss calculation requires 50mm insulation not 25mm By: VSM,Calculation,8
PIPE HANGER SUPPORT SYMBOL NON-COMPLIANT WITH MSS SP-58 STANDARD,Standards,4
Revision note missing: reference ECN-4081 in revision description column,Revision,7
MISSING RADIUS DIMENSION ON ELBOW BEND CURVATURE CALLOUT,Dimension,2
MISALIGNED COLUMN TEXT IN REVISION HISTORY TABLE BY: BREKOL,Cosmetic,3
Centerline missing on symmetric equipment foundation pad detail,Drafting,1
FIELD WELD ACCESSIBILITY: JOINT LOCATED INSIDE ENCLOSED BOX BEAM CANNOT BE INSPECTED,Feasibility,9
Missing dashed hidden line representing equipment clearance envelope -JCM,Drafting,1
P&ID SYMBOLOGY DOES NOT CONFORM TO COMPANY DRAFTING STANDARD STD-001,Standards,4
MACHINING SYMBOL MISSING ON FLANGE MATING FACE SURFACE FINISH REQUIREMENT BY: BREKOL,Technical,0
Wrong projection views: Section E-E projection is inverted from plan -JDM,Drafting,1
"Provide missing coordinate dimensions X, Y, Z for pipe support shoe PS-101 By: BreKol",Dimension,2
Note 5 wording unclear: revise to state clearly 'All dimensions are in millimeters unless noted' By: BreKol,Notes,11
Drafting view mismatch: isometric view shows valve that is omitted on plan view,Drafting,1
System clash: cable ladder obstructs access to emergency shower station,Coordination,5
Missing break line symbol on truncated pipe spool run,Drafting,1
Drafting view mismatch: isometric view shows valve that is omitted on plan view -JCM,Drafting,1
CENTERLINE MISSING ON SYMMETRIC EQUIPMENT FOUNDATION PAD DETAIL -JCM,Drafting,1
Anchor bolt projection dimension from top of grout missing,Dimension,2
"FABRICATION ISSUE: MINIMUM BEND RADIUS ON 1/2"" STRUCTURAL PLATE WILL CAUSE CRACKING -UCC",Feasibility,9
Incomplete documentation: missing reference standard specification document number,Documentation,6
General note 7 missing requirement for non-destructive examination NDT of critical welds,Notes,11
Note callout on sheet 1 contradicts note 6 on companion drawing E-54725-29-C0-26403 -MWR,Notes,11
Text overlapping dimension leader arrow: adjust text box position By: BreKol,Cosmetic,3
Drafting view mismatch: isometric view shows valve that is omitted on plan view By: VSM,Drafting,1
ENGINEER AND CHECKER APPROVAL SIGNATURES AND DATES MISSING IN SIGN-OFF BLOCK BY: BREKOL,Documentation,6
TEXT JUSTIFICATION MISALIGNED IN EQUIPMENT TABLE COLUMN,Cosmetic,3
Fastener material callout incorrect: specify ASTM A193 Gr. B7 studs with 2H heavy hex nuts,Material,10
FLANGE BOLTING ACCESSIBILITY: CLEARANCE BETWEEN FLANGE AND VESSEL WALL TOO TIGHT FOR TORQUE WRENCH -BEK,Feasibility,9
STANDARD COMPLIANCE: INSTRUMENTATION TAG FORMAT DOES NOT FOLLOW ISA-5.1 NAMING RULE,Standards,4
GENERAL NOTE REGARDING FIELD TOUCH-UP PAINT MISSING FROM STRUCTURAL DRAWING BY: VSM,Notes,11
MISSING MOMENT CONNECTION PLATE WELD SIZE CALLOUT ON DETAIL DETAIL 3 -BEK,Technical,0
INTERFERENCE BETWEEN CRANE HOOK TRAVEL ENVELOPE AND LIGHTING FIXTURE LAYOUT -JDM,Coordination,5
PROJECT CODE AND CAD DRAWING FILE NAME MISSING FROM TITLE BLOCK MARGIN,Documentation,6
Dimension callout from survey monument datum is missing on plot plan,Dimension,2
MISSING RADIAL CLEARANCE DIMENSION AROUND VALVE HANDWHEEL,Dimension,2
MATERIAL SPECIFICATION DISCREPANCY BETWEEN PIPING LINE LIST AND ISOMETRIC DRAWING -MWR,Material,10
CODAL ISSUE: EGRESS PLATFORM LANDING DIMENSIONS VIOLATE NFPA 101 LIFE SAFETY CODE,Standards,4
Wrong view orientation: detail shows left elevation instead of right elevation,Drafting,1
THERMAL RELIEF CALCULATION MISSING FOR TRAPPED LIQUID SEGMENT ON LINE 02-IA-010-CS -JCM,Calculation,8
Seismic anchor load calculation inconsistent with baseplate anchor embedment depth,Calculation,8
ARROWHEAD MISSING ON SECTION CUT CALLOUT MARKER,Drafting,1
Piping and structural clash: pipe flange hits bottom flange of W12 beam -UCC,Coordination,5
LINE OVERLAP OBSERVED BETWEEN DIMENSION EXTENSION LINE AND CENTERLINE ON GRID D-2 -UCC,Drafting,1
Check pipe spool cut length dimension: account for gasket thickness -JCM,Dimension,2
System clash: cable ladder obstructs access to emergency shower station -UCC,Coordination,5
MISSING RADIAL CLEARANCE DIMENSION AROUND VALVE HANDWHEEL -JDM,Dimension,2
INCORRECT NOZZLE FLANGE CONNECTION RATING 150# ON VESSEL HEX-102,Technical,0
Update note 8: specify paint and protective coating system per client specification,Notes,11
Revision triangle tag on plan view does not match revision table entry -UCC,Revision,7
RIGGING AND LIFTING LUG PLACEMENT CAUSES CENTER OF GRAVITY TILT DURING ERECTION,Feasibility,9
Missing moment connection plate weld size callout on detail Detail 3 -RJY,Technical,0
Coordinate electrical power feed routing with underground drainage piping -MWR,Coordination,5
Title block scale box shows 'NTS' but drawing is plotted to scale 1:50,Documentation,6
Clash with equipment access: motor removal path blocked by adjacent process line,Coordination,5
Missing revision cloud on bill of materials row 4 modified quantity -RJY,Revision,7
Pipe insulation material specification missing on high temperature steam line,Material,10
Non-standard abbreviation used: replace 'VLV' with standard abbreviation per project code -JDM,Standards,4
DESIGN CALCULATION INCONSISTENCY: VESSEL WALL THICKNESS CALCULATION REQUIRES 12MM NOT 10MM,Calculation,8
Structural beam size W14x90 inconsistent with design calculation sheet CALC-ST-101,Calculation,8
Piping and structural clash: pipe flange hits bottom flange of W12 beam By: VSM,Coordination,5
Wind load overturning moment calculation inconsistent with anchor bolt sizing -JJD,Calculation,8
Material take-off MTO line item missing for pipe reducer on line 174005-S12-04-P08 -JDM,BOM,12
Coordinate with architectural team: wall penetration sleeve location conflicts with column -BEK,Coordination,5
Missing break line symbol on truncated pipe spool run,Drafting,1
SECTION CUT SYMBOL ON SHEET 1 POINTS IN WRONG VIEWING DIRECTION -RJY,Drafting,1
BOM table column for material grade is blank for items 3 through 8,BOM,12
WRONG VIEW ORIENTATION: DETAIL SHOWS LEFT ELEVATION INSTEAD OF RIGHT ELEVATION,Drafting,1
BILL OF MATERIALS QUANTITY ERROR: 16 BOLTS REQUIRED PER FLANGE PAIR BUT BOM LISTS 8 -JJD,BOM,12
Incorrect distance between anchor bolt centers on foundation template -BEK,Dimension,2
Revision cloud missing around modified nozzle connection at grid G-7 -MWR,Revision,7
CLASH WITH EQUIPMENT ACCESS: MOTOR REMOVAL PATH BLOCKED BY ADJACENT PROCESS LINE -JCM,Coordination,5
Reinforcing bar rebar grade must be ASTM A615 Grade 60 per structural spec -JDM,Material,10
Bearing pressure calculation under footing exceeds allowable soil bearing capacity -JJD,Calculation,8
BOM item table missing unit weight and total weight column entries,BOM,12
Verify missing setback dimension from property boundary line -JDM,Dimension,2
EQUIPMENT TRANSPORT FEASIBILITY: SKID WIDTH EXCEEDS MAXIMUM ROADWAY SHIPPING CLEARANCE,Feasibility,9
DOCUMENT DISTRIBUTION STAMP INCOMPLETE: MISSING TRANSMITTAL NUMBER -BEK,Documentation,6
Dimension callout from survey monument datum is missing on plot plan -BEK,Dimension,2
Leader line crossing dimension string: reroute leader to detail bubble -JJD,Drafting,1
Update general note 12 regarding torque requirements for structural high-strength bolts,Notes,11
Cosmetic cleanup: remove stray CAD dots and unreferenced text fragments,Cosmetic,3
Wind load overturning moment calculation inconsistent with anchor bolt sizing -BEK,Calculation,8
REVISION CLOUD INCOMPLETE: DOES NOT FULLY ENCLOSE MODIFIED PIPING SPOOL,Revision,7
NOZZLE PROJECTION DIMENSION MISSING FROM VESSEL OUTER SHELL -JJD,Dimension,2
Missing dimension from column grid B-3 to pump centerline -JCM,Dimension,2
Engineer and checker approval signatures and dates missing in sign-off block -UCC,Documentation,6
Delta symbol callout 3 missing on sheet 2 revision history table -MWR,Revision,7
Fabrication feasibility: weld joint between thick plates cannot be reached with welding gun,Feasibility,9
ASME code stamp requirement symbol missing from pressure vessel nameplate callout By: VSM,Standards,4
Cable voltage drop calculation exceeds 3% allowable limit for 480V feeder -MWR,Calculation,8
Material specification required for cable tray: hot-dip galvanized steel vs aluminum By: VSM,Material,10
Clash with equipment access: motor removal path blocked by adjacent process line,Coordination,5
Field weld accessibility: joint located inside enclosed box beam cannot be inspected,Feasibility,9
Spelling error in note 3: 'reciever' should be corrected to 'receiver',Cosmetic,3
Title block incomplete: project number and drawing revision letter missing By: BreKol,Documentation,6
Drafting view mismatch: isometric view shows valve that is omitted on plan view,Drafting,1
Inter-discipline clash: pipe support bracket interferes with instrument junction box JB-101 -MWR,Coordination,5
Isometric drawing view orientation misaligned with plan coordinates,Drafting,1
MATERIAL GRADE MISMATCH: STRUCTURAL PLATES SHOW ASTM A36 INSTEAD OF HIGH-STRENGTH A992,Material,10
DRAWING RELEASE STATUS STILL MARKED 'DRAFT': UPDATE TO 'APPROVED FOR CONSTRUCTION' -JCM,Documentation,6
Text overlapping dimension leader arrow: adjust text box position By: BreKol,Cosmetic,3
Revision issue status changed from IFD to IFC but revision table not updated -JDM,Revision,7
REVISION HISTORY BLOCK MISSING DATE AND INITIAL FOR REVISION C,Revision,7
BOM DESCRIPTION INCORRECT: ITEM 7 DESCRIPTION SAYS GATE VALVE BUT GRAPHIC SHOWS GLOBE VALVE,BOM,12
Revision block shows Rev 0 date but drawing contains Rev 1 markups,Revision,7
Incorrect nozzle flange connection rating 1500# on vessel HEX-102,Technical,0
HYDRAULIC GRADIENT CALCULATION DISCREPANCY ON GRAVITY SEWER LINE SLOPE,Calculation,8
Missing stiffener plate connection at high stress beam junction -UCC,Technical,0
INCORRECT FLANGE RATING LISTED IN BILL OF MATERIALS TABLE FOR ITEM 12,BOM,12
PUMP HEAD CALCULATION MISMATCH BETWEEN DATA SHEET AND PROCESS FLOW DIAGRAM -JJD,Calculation,8
Cable voltage drop calculation exceeds 3% allowable limit for 480V feeder -JDM,Calculation,8
Welding symbol not compliant with AWS A2.4 standard notation -JCM,Standards,4
MTO discrepancy: structural framing schedule omitted W10x49 beam material take-off -JJD,BOM,12
Transport limit: modular unit height 1200 mm exceeds railway overpass clearance By: BreKol,Feasibility,9
Non-standard abbreviation used: replace 'VLV' with standard abbreviation per project code -JDM,Standards,4
VESSEL NOZZLE REINFORCEMENT PAD AREA CALCULATION INSUFFICIENT FOR EXTERNAL PIPING MOMENT -JJD,Calculation,8
Incorrect general note 4: field verification of existing foundation elevation is mandatory,Notes,11
Flange material must match pipe material specification ASTM A105 for CS lines -UCC,Material,10
Valve operation feasibility: hand lever hits structural column when opening valve -UCC,Feasibility,9
Incorrect drawing scale: indicated scale 1:100 does not match graphic bar scale,Drafting,1
Inconsistent capitalization in equipment callouts: use all uppercase -JCM,Cosmetic,3
Missing item tag number in BOM schedule column for temperature transmitter -RJY,BOM,12
COORDINATE ELECTRICAL POWER FEED ROUTING WITH UNDERGROUND DRAINAGE PIPING,Coordination,5
ASME CODE STAMP REQUIREMENT SYMBOL MISSING FROM PRESSURE VESSEL NAMEPLATE CALLOUT BY: VSM,Standards,4
REVISION SYMBOL DELTA-2 MISSING NEAR RELOCATED DRAIN VALVE BY: BREKOL,Revision,7
TEXT CALLOUT ROTATED AT ODD ANGLE: ALIGN HORIZONTALLY FOR READABILITY -JCM,Cosmetic,3
Coordinate electrical power feed routing with underground drainage piping -BEK,Coordination,5
Material callout for baseplate shows mild steel: revise to ASTM A572 Gr 50 -JJD,Material,10
Verify structural connection capacity: shear tab bolt count insufficient,Technical,0
SECTION CUT SYMBOL ON SHEET 5 POINTS IN WRONG VIEWING DIRECTION,Drafting,1
NOTE REFERENCE ERROR: DETAIL REFERS TO NOTE 15 BUT NOTES LIST ONLY GOES UP TO NOTE 11 -BEK,Notes,11
BOM description incorrect: item 7 description says gate valve but graphic shows globe valve,BOM,12
Update bill of materials BOM to reflect latest revision of piping component schedule,BOM,12
Clash with electrical: conduit bank routes directly through valve operating envelope By: VSM,Coordination,5
Material specification required for cable tray: hot-dip galvanized steel vs aluminum -MWR,Material,10
Arrowhead missing on section cut callout marker -JCM,Drafting,1
Non-standard abbreviation used: replace 'VLV' with standard abbreviation per project code -RJY,Standards,4
Nozzle projection dimension missing from vessel outer shell -JDM,Dimension,2
Multiple revisions mixed on sheet: clear Rev 1 clouds and keep only Rev 2 changes,Revision,7
CLASH DETECTED IN 3D MODEL BETWEEN FIRE PROTECTION SPRINKLER HEADER AND STRUCTURAL BRACE -JDM,Coordination,5
General note regarding field touch-up paint missing from structural drawing -RJY,Notes,11
Material callout for baseplate shows mild steel: revise to ASTM A572 Gr 50 -JCM,Material,10
Missing break line symbol on truncated pipe spool run -JCM,Drafting,1
EQUIPMENT TRANSPORT FEASIBILITY: SKID WIDTH EXCEEDS MAXIMUM ROADWAY SHIPPING CLEARANCE,Feasibility,9
NOTE CALLOUT ON SHEET 1 CONTRADICTS NOTE 6 ON COMPANION DRAWING C-54718-31-002,Notes,11
Drawing status stamp missing: stamp 'ISSUED FOR CONSTRUCTION' before release,Documentation,6
Emergency exit signage symbol not per ISO 7010 safety sign standard -BEK,Standards,4
Add note: 'All sharp edges and burrs must be ground smooth prior to painting' -JCM,Notes,11
Documentation hold: pending vendor certified drawing attachment -JCM,Documentation,6
MISSING ENGINEER OF RECORD PROFESSIONAL SEAL AND SIGNATURE IN TITLE BLOCK -JJD,Documentation,6
Maintenance accessibility: insufficient clearance to pull heat exchanger tube bundle,Feasibility,9
Drawing index sheet list does not match actual sheets included in package By: BreKol,Documentation,6
MISSING SHEET REFERENCE CALLOUT: 'SEE COMPANION SHEET M-70086-01-004 FOR CONTINUATION',Documentation,6
Typo error in title block: 'ENGINEERINGG' misspelled with double G,Cosmetic,3
CLASH BETWEEN GRAVITY DRAIN LINE SLOPE AND UNDERGROUND ELECTRICAL DUCT BANK BY: BREKOL,Coordination,5
Missing engineer of record professional seal and signature in title block By: BreKol,Documentation,6
MISSING REFERENCE DRAWING NUMBERS FOR ELECTRICAL TIE-IN IN DOCUMENTATION BLOCK,Documentation,6
Erection feasibility: provide temporary lifting lugs for modular frame transport By: BreKol,Feasibility,9
Foundation pile load capacity inconsistent with geotechnical soil report calculation,Calculation,8
Verify missing setback dimension from property boundary line,Dimension,2
"TOLERANCE CALLOUT +/- 1/16"" MISSING ON OVERALL SKID LENGTH DIMENSION",Dimension,2
Missing client drawing reference number in master title block -JJD,Documentation,6
Thermal relief calculation missing for trapped liquid segment on line 02-IA-010-CS By: VSM,Calculation,8
MATERIAL GRADE INCONSISTENCY: PIPE SCHEDULE SHOWS SS304 BUT FITTINGS SHOW CARBON STEEL BY: BREKOL,Material,10
Revision description vague: replace 'Revisions' with detailed change description -BEK,Revision,7
DELTA SYMBOL CALLOUT 3 MISSING ON SHEET 2 REVISION HISTORY TABLE BY: BREKOL,Revision,7
Text justification misaligned in equipment table column,Cosmetic,3
BOM table column for material grade is blank for items 3 through 8,BOM,12
COORDINATE WITH CIVIL LEAD: CONCRETE PAD SIZE INSUFFICIENT FOR NEW PUMP SKID FOOTPRINT,Coordination,5
INCORRECT PIPE SCHEDULE 20 SPECIFIED FOR DESIGN PRESSURE 300 PSI BY: BREKOL,Technical,0
Maintenance feasibility: filter basket cannot be removed without disconnecting piping -JDM,Feasibility,9
Incorrect general note 4: field verification of existing foundation elevation is mandatory -JCM,Notes,11
Part number in bill of materials table does not match vendor certified cut sheet -MWR,BOM,12
Typo in general note: 'valvue' should read 'valve' -BEK,Cosmetic,3
Text justification misaligned in equipment table column,Cosmetic,3
Previous revision cloud Rev A must be removed before issuing Rev B -JDM,Revision,7
Incorrect nozzle flange connection rating 900# on vessel E-301,Technical,0
RIGGING AND LIFTING LUG PLACEMENT CAUSES CENTER OF GRAVITY TILT DURING ERECTION,Feasibility,9
Interference between flare header expansion loop and existing pipe rack column,Coordination,5
Overlapping text and leader lines obscuring nozzle callout on HEX-102 By: BreKol,Drafting,1
Wrong bolt grade specified on structural shear connection: specify A325 instead of standard bolts -RJY,Technical,0
Relief valve sizing calculation sheet indicates orifice area 0.50 sq in but drawing shows 0.38 -JCM,Calculation,8
INTER-DISCIPLINE INTERFERENCE: STRUCTURAL DIAGONAL BRACING BLOCKS INSTRUMENT TRANSMITTER DISPLAY -JCM,Coordination,5
Design calculation inconsistency: heat loss calculation requires 50mm insulation not 25mm -UCC,Calculation,8
Delta revision symbol missing on updated elevation callout By: BreKol,Revision,7
Material callout for baseplate shows mild steel: revise to ASTM A572 Gr 50 -MWR,Material,10
DIMENSION CALLOUT FROM SURVEY MONUMENT DATUM IS MISSING ON PLOT PLAN -BEK,Dimension,2
INTERFERENCE BETWEEN FLARE HEADER EXPANSION LOOP AND EXISTING PIPE RACK COLUMN,Coordination,5
Text alignment in general notes section is jagged: align left margins -MWR,Cosmetic,3
Geometric tolerancing GD&T frame symbol missing datum reference per ASME Y14.5,Standards,4
Pump head calculation mismatch between data sheet and process flow diagram,Calculation,8
Update general note 12 regarding torque requirements for structural high-strength bolts By: BreKol,Notes,11
Title block CAD layer locked with outdated contractor company name -JJD,Documentation,6
FLANGE BOLTING ACCESSIBILITY: CLEARANCE BETWEEN FLANGE AND VESSEL WALL TOO TIGHT FOR TORQUE WRENCH,Feasibility,9
MISSING VERTICAL CLEARANCE DIMENSION BELOW OVERHEAD MONORAIL BEAM,Dimension,2
Incorrect O-ring elastomer material: specify Viton for hydrocarbon service,Material,10
BOM description incorrect: item 7 description says gate valve but graphic shows globe valve,BOM,12
INCONSISTENT CAPITALIZATION IN EQUIPMENT CALLOUTS: USE ALL UPPERCASE,Cosmetic,3
DOCUMENT DISTRIBUTION STAMP INCOMPLETE: MISSING TRANSMITTAL NUMBER -JDM,Documentation,6
Material callout for baseplate shows mild steel: revise to ASTM A572 Gr 50 -JJD,Material,10
Leader line crossing dimension string: reroute leader to detail bubble -RJY,Drafting,1
Font size too small on valve tag callouts: increase to standard 2.5mm -RJY,Cosmetic,3
GROUT MATERIAL CALLOUT MUST SPECIFY NON-SHRINK CEMENTITIOUS GROUT PER PROJECT STANDARD -RJY,Material,10
COORDINATE ELECTRICAL POWER FEED ROUTING WITH UNDERGROUND DRAINAGE PIPING -MWR,Coordination,5
Erection clearance: overhead crane hook cannot reach pump for maintenance removal -BEK,Feasibility,9
BOM quantity mismatch: drawing shows 4 support brackets but BOM lists quantity 2,BOM,12
CODAL ISSUE: EGRESS PLATFORM LANDING DIMENSIONS VIOLATE NFPA 101 LIFE SAFETY CODE,Standards,4
Hydraulic gradient calculation discrepancy on gravity sewer line slope -JDM,Calculation,8
"DIMENSION STRING DOES NOT CLOSE: 12'-6"" DISCREPANCY AT WALL INTERFACE -MWR",Dimension,2
REVISION HISTORY BLOCK MISSING DATE AND INITIAL FOR REVISION C -UCC,Revision,7
Check weld symbol pitch and staggered spacing on stiffener plate -MWR,Technical,0
DRAWING TITLE DOES NOT MATCH MASTER DOCUMENT REGISTER INDEX -UCC,Documentation,6
INTERFERENCE BETWEEN CRANE HOOK TRAVEL ENVELOPE AND LIGHTING FIXTURE LAYOUT BY: VSM,Coordination,5
General notes page says scan survey date 06/19/25: please clarify survey reference note By: VSM,Notes,11
Geometric tolerancing GD&T frame symbol missing datum reference per ASME Y14.5 -RJY,Standards,4
CABLE VOLTAGE DROP CALCULATION EXCEEDS 3% ALLOWABLE LIMIT FOR 480V FEEDER -RJY,Calculation,8
Incorrect material: 304SS specified where 316L required for chloride stress corrosion -MWR,Material,10
WELD SIZE UNDERSIZED: 1/4 INCH FILLET WELD SPECIFIED BUT 3/8 INCH REQUIRED FOR BASE METAL THICKNESS,Technical,0
Flange facing standard designation RF vs FF non-compliant with ASME B16.5,Standards,4
Flange facing standard designation RF vs FF non-compliant with ASME B16.5 -UCC,Standards,4
Safety relief valve symbol does not comply with API 526 standard representation,Standards,4
MISSING BREAK LINE SYMBOL ON TRUNCATED PIPE SPOOL RUN,Drafting,1
Overall height dimension missing from skid base frame to top of vessel nozzle,Dimension,2
WIND LOAD OVERTURNING MOMENT CALCULATION INCONSISTENT WITH ANCHOR BOLT SIZING -UCC,Calculation,8
Maintenance feasibility: filter basket cannot be removed without disconnecting piping -RJY,Feasibility,9
Discrepancy between BOM item count and callout bubble count on assembly view -MWR,BOM,12
Pipe insulation material specification missing on high temperature steam line -RJY,Material,10
Material callout for baseplate shows mild steel: revise to ASTM A572 Gr 50,Material,10
Spelling error: 'pressur' missing 'e' in pipe line description,Cosmetic,3
Discrepancy in pipe diameter callout: 6 inch indicated on plan but 8 inch on elevation -BEK,Dimension,2
MISSING ENGINEER OF RECORD PROFESSIONAL SEAL AND SIGNATURE IN TITLE BLOCK,Documentation,6
BOM description missing valve actuator model and air supply pressure rating,BOM,12
Vessel nozzle reinforcement pad area calculation insufficient for external piping moment -UCC,Calculation,8
Previous revision cloud Rev A must be removed before issuing Rev B,Revision,7
Text alignment in general notes section is jagged: align left margins -JJD,Cosmetic,3
Misaligned column text in revision history table By: VSM,Cosmetic,3
Delta revision symbol missing on updated elevation callout -BEK,Revision,7
Isometric drawing view orientation misaligned with plan coordinates -UCC,Drafting,1
Update general note 12 regarding torque requirements for structural high-strength bolts -JDM,Notes,11
Inter-discipline clash: pipe support bracket interferes with instrument junction box JB-A01,Coordination,5
RELIEF VALVE SIZING CALCULATION SHEET INDICATES ORIFICE AREA 0.50 SQ IN BUT DRAWING SHOWS 0.38,Calculation,8
Flange bolting accessibility: clearance between flange and vessel wall too tight for torque wrench By: BreKol,Feasibility,9
WRONG VIEW ORIENTATION: DETAIL SHOWS LEFT ELEVATION INSTEAD OF RIGHT ELEVATION,Drafting,1
Incorrect flange rating listed in bill of materials table for item 12 -BEK,BOM,12
Update BOM item descriptions to match standard SAP catalog naming conventions,BOM,12
Hydraulic gradient calculation discrepancy on gravity sewer line slope,Calculation,8
Maintenance accessibility: insufficient clearance to pull heat exchanger tube bundle,Feasibility,9
Overall height dimension missing from skid base frame to top of vessel nozzle,Dimension,2
CABLE VOLTAGE DROP CALCULATION EXCEEDS 3% ALLOWABLE LIMIT FOR 480V FEEDER -UCC,Calculation,8
"CL EL 102'-6"" callout missing for pipe centerline on elevation view -MWR",Dimension,2
ECN number missing on engineering change detail for filter skid base -JJD,Technical,0
Spelling mistake in coating spec note: 'galvanise' should be 'galvanized' -UCC,Cosmetic,3
FABRICATION FEASIBILITY: WELD JOINT BETWEEN THICK PLATES CANNOT BE REACHED WITH WELDING GUN -RJY,Feasibility,9
Field weld accessibility: joint located inside enclosed box beam cannot be inspected,Feasibility,9
General note 7 missing requirement for non-destructive examination NDT of critical welds By: VSM,Notes,11
Wrong view orientation: detail shows left elevation instead of right elevation -MWR,Drafting,1
DISCREPANCY BETWEEN BOM ITEM COUNT AND CALLOUT BUBBLE COUNT ON ASSEMBLY VIEW,BOM,12
Design inconsistency: pressure drop calculation does not match line sizing on P&ID,Calculation,8
Line weight for piping header too thin: distinguish from background grid lines -UCC,Drafting,1
Structural truss member buckling calculation does not verify unbraced length By: VSM,Calculation,8
ADD ENVIRONMENTAL NOTE REGARDING SECONDARY CONTAINMENT DIKE DRAINAGE VALVE OPERATION,Notes,11
Erection feasibility issue: column splice location inaccessible for mobile crane hook By: BreKol,Feasibility,9
Machining symbol missing on flange mating face surface finish requirement -JJD,Technical,0
Coordinate tie-in point TP-226 location between piping and battery limit package,Coordination,5
Vessel nozzle reinforcement pad area calculation insufficient for external piping moment By: BreKol,Calculation,8
STANDARD COMPLIANCE: INSTRUMENTATION TAG FORMAT DOES NOT FOLLOW ISA-5.1 NAMING RULE,Standards,4
Dimension callout from survey monument datum is missing on plot plan -JJD,Dimension,2
Update BOM item descriptions to match standard SAP catalog naming conventions -JCM,BOM,12
"Fabrication issue: minimum bend radius on 1/2"" structural plate will cause cracking",Feasibility,9
Hidden lines showing as solid lines in elevation section view,Drafting,1
VESSEL NOZZLE REINFORCEMENT PAD AREA CALCULATION INSUFFICIENT FOR EXTERNAL PIPING MOMENT,Calculation,8
DOCUMENTATION HOLD: PENDING VENDOR CERTIFIED DRAWING ATTACHMENT,Documentation,6
Font thickness too heavy making small numerical tags illegible By: BreKol,Cosmetic,3
Incorrect general note 4: field verification of existing foundation elevation is mandatory -RJY,Notes,11
Standard electrical grounding symbol missing at transformer neutral connection,Standards,4
DISCREPANCY IN PIPE DIAMETER CALLOUT: 6 INCH INDICATED ON PLAN BUT 8 INCH ON ELEVATION,Dimension,2
Revision issue status changed from IFD to IFC but revision table not updated -JDM,Revision,7
DRAWING INDEX SHEET LIST DOES NOT MATCH ACTUAL SHEETS INCLUDED IN PACKAGE,Documentation,6
"CL EL 114'-0"" callout missing for pipe centerline on elevation view -MWR",Dimension,2
Detail bubble Detail 12 missing sheet cross-reference on elevation view,Drafting,1
Update BOM item descriptions to match standard SAP catalog naming conventions By: VSM,BOM,12
FLANGE FACING STANDARD DESIGNATION RF VS FF NON-COMPLIANT WITH ASME B16.5,Standards,4
"Tolerance callout +/- 1/16"" missing on overall skid length dimension -JJD",Dimension,2
Standard electrical grounding symbol missing at transformer neutral connection -BEK,Standards,4
WRONG BOLT GRADE SPECIFIED ON STRUCTURAL SHEAR CONNECTION: SPECIFY A325 INSTEAD OF STANDARD BOLTS BY: BREKOL,Technical,0
PREVIOUS REVISION CLOUD REV A MUST BE REMOVED BEFORE ISSUING REV B,Revision,7
Dimension string does not close: 500 mm discrepancy at wall interface -MWR,Dimension,2
Flow rate calculation discrepancy between PFD heat & material balance and line schedule,Calculation,8
Missing stiffener plate connection at high stress beam junction -MWR,Technical,0
Fabrication feasibility: tight pipe spool geometry cannot be hot-dip galvanized without pooling,Feasibility,9
Missing item tag number in BOM schedule column for temperature transmitter -RJY,BOM,12
Hazardous area classification boundary symbol missing per NFPA 497 standard By: VSM,Standards,4
VALVE HANDWHEEL LOCATION UNREACHABLE FROM OPERATING PLATFORM: ADD CHAIN WHEEL OPERATOR -JCM,Feasibility,9
Dimension callout from survey monument datum is missing on plot plan By: BreKol,Dimension,2
Missing vertical clearance dimension below overhead monorail beam,Dimension,2
ANCHOR BOLT PROJECTION DIMENSION FROM TOP OF GROUT MISSING -MWR,Dimension,2
Line weight for piping header too thin: distinguish from background grid lines By: BreKol,Drafting,1
Font size too small on valve tag callouts: increase to standard 2.5mm -JJD,Cosmetic,3
Flange material must match pipe material specification ASTM A105 for CS lines -BEK,Material,10
UPDATE BILL OF MATERIALS BOM TO REFLECT LATEST REVISION OF PIPING COMPONENT SCHEDULE,BOM,12
MISSING REFERENCE DRAWING NUMBERS FOR ELECTRICAL TIE-IN IN DOCUMENTATION BLOCK,Documentation,6
Cosmetic cleanup: remove stray CAD dots and unreferenced text fragments -UCC,Cosmetic,3
ECN number missing on engineering change detail for reboiler saddle -JDM,Technical,0
PART NUMBER WRONG ON E-301 BRACKET MOUNTING ASSEMBLY: SHOWS BKT-4081-A INSTEAD OF BKT-4081-B,Technical,0
Incomplete documentation: missing reference standard specification document number,Documentation,6
Equipment transport feasibility: skid width exceeds maximum roadway shipping clearance -JJD,Feasibility,9
Missing revision cloud on bill of materials row 4 modified quantity,Revision,7
"CODAL ISSUE: STAIR HANDRAIL HEIGHT 8'-4 1/2"" DOES NOT MEET OSHA/IBC STANDARD MINIMUM 42 INCHES -JCM",Standards,4
Note reference error: detail refers to note 15 but notes list only goes up to note 11 By: BreKol,Notes,11
Material grade inconsistency: pipe schedule shows SS304 but fittings show carbon steel By: BreKol,Material,10
Corrosion allowance material buffer omitted in wall thickness specification By: BreKol,Material,10
Add note: 'All sharp edges and burrs must be ground smooth prior to painting',Notes,11
Design calculation inconsistency: heat loss calculation requires 50mm insulation not 25mm By: VSM,Calculation,8
VALVE OPERATION FEASIBILITY: HAND LEVER HITS STRUCTURAL COLUMN WHEN OPENING VALVE BY: BREKOL,Feasibility,9
BOM TABLE COLUMN FOR MATERIAL GRADE IS BLANK FOR ITEMS 3 THROUGH 8 BY: VSM,BOM,12
Coordinate with architectural team: wall penetration sleeve location conflicts with column -MWR,Coordination,5
Vessel nozzle reinforcement pad area calculation insufficient for external piping moment,Calculation,8
TEXT OVERLAPPING WITH DRAWING BORDER AT LOWER RIGHT CORNER BY: BREKOL,Cosmetic,3
Detail bubble Section 4 missing sheet cross-reference on elevation view,Drafting,1
Drafting error: dimension line cuts through equipment outline,Drafting,1
Standard compliance: instrumentation tag format does not follow ISA-5.1 naming rule -JCM,Standards,4
Text overlapping dimension leader arrow: adjust text box position,Cosmetic,3
DETAIL BUBBLE DETAIL 12 MISSING SHEET CROSS-REFERENCE ON ELEVATION VIEW,Drafting,1
DETAIL BUBBLE DETAIL B MISSING SHEET CROSS-REFERENCE ON ELEVATION VIEW -MWR,Drafting,1
REINFORCING BAR REBAR GRADE MUST BE ASTM A615 GRADE 60 PER STRUCTURAL SPEC -JCM,Material,10
Incorrect flange rating listed in bill of materials table for item 12,BOM,12
Centerline missing on symmetric equipment foundation pad detail -JDM,Drafting,1
Delta symbol callout 3 missing on sheet 2 revision history table -RJY,Revision,7
TEXT CALLOUT ROTATED AT ODD ANGLE: ALIGN HORIZONTALLY FOR READABILITY,Cosmetic,3
Text alignment in general notes section is jagged: align left margins By: BreKol,Cosmetic,3
Drafting error: dimension line cuts through equipment outline -JDM,Drafting,1
Revision cloud incomplete: does not fully enclose modified piping spool -UCC,Revision,7
INCONSISTENT CAPITALIZATION IN EQUIPMENT CALLOUTS: USE ALL UPPERCASE,Cosmetic,3
UPDATE NOTES: ADD NOTE REGARDING POST-WELD HEAT TREATMENT PWHT REQUIREMENT,Notes,11
CABLE VOLTAGE DROP CALCULATION EXCEEDS 3% ALLOWABLE LIMIT FOR 480V FEEDER,Calculation,8
Hazardous area classification boundary symbol missing per NFPA 497 standard -UCC,Standards,4
LINE OVERLAP OBSERVED BETWEEN DIMENSION EXTENSION LINE AND CENTERLINE ON GRID A-1 -JDM,Drafting,1
Emergency exit signage symbol not per ISO 7010 safety sign standard,Standards,4
Material callout for baseplate shows mild steel: revise to ASTM A572 Gr 50 -MWR,Material,10
Cable voltage drop calculation exceeds 3% allowable limit for 480V feeder By: VSM,Calculation,8
REVISION ISSUE STATUS CHANGED FROM IFD TO IFC BUT REVISION TABLE NOT UPDATED,Revision,7
"Fabrication issue: minimum bend radius on 1/2"" structural plate will cause cracking",Feasibility,9
Revision status in title block says Rev 1 but revision table lists Rev 2 By: BreKol,Revision,7
MISSING STIFFENER PLATE CONNECTION AT HIGH STRESS BEAM JUNCTION,Technical,0
BOM PART NUMBER TYPO: REPLACE VENDOR CODE XYZ-100 WITH XYZ-200 -MWR,BOM,12
HIDDEN LINES SHOWING AS SOLID LINES IN ELEVATION SECTION VIEW -UCC,Drafting,1
Clash with equipment access: motor removal path blocked by adjacent process line By: BreKol,Coordination,5
Missing hidden line for underground conduit duct bank on plan view,Drafting,1
"WRONG WELD CALLOUT: REPLACE FILLET WELD WITH 3/8"" FILLET WELD WITH BACKING BAR ON MOMENT CONNECTION -UCC",Technical,0
Revision note missing: reference ECN-4081 in revision description column,Revision,7
SECTION CUT SYMBOL ON SHEET 5 POINTS IN WRONG VIEWING DIRECTION,Drafting,1
DRAFTING VIEW MISMATCH: ISOMETRIC VIEW SHOWS VALVE THAT IS OMITTED ON PLAN VIEW -RJY,Drafting,1
PROJECT WORK ORDER NUMBER MISSING IN DOCUMENT CONTROL BLOCK,Documentation,6
GENERAL NOTE 7 MISSING REQUIREMENT FOR NON-DESTRUCTIVE EXAMINATION NDT OF CRITICAL WELDS -RJY,Notes,11
Missing sheet reference callout: 'See companion sheet E-54725-29-C0-26403 for continuation' -JDM,Documentation,6
Note reference error: detail refers to note 15 but notes list only goes up to note 11,Notes,11
Spare parts list in bill of materials does not include replacement gasket sets -JJD,BOM,12
UPDATE BILL OF MATERIALS BOM TO REFLECT LATEST REVISION OF PIPING COMPONENT SCHEDULE BY: VSM,BOM,12
Drawing status stamp missing: stamp 'ISSUED FOR CONSTRUCTION' before release -BEK,Documentation,6
Hidden lines showing as solid lines in elevation section view By: BreKol,Drafting,1
Transformer sizing calculation does not account for continuous motor starting kVA,Calculation,8
TUBING MATERIAL CALLOUT INCORRECT: SPECIFY SEAMLESS 316SS INSTRUMENT TUBING -JJD,Material,10
BOM item table missing unit weight and total weight column entries -JCM,BOM,12
Maintenance accessibility: insufficient clearance to pull heat exchanger tube bundle -BEK,Feasibility,9
Valve handwheel location unreachable from operating platform: add chain wheel operator By: BreKol,Feasibility,9
Missing radius dimension on elbow bend curvature callout,Dimension,2
Codal issue: egress platform landing dimensions violate NFPA 101 Life Safety Code,Standards,4
"CL EL 88'-4 1/2"" callout missing for pipe centerline on elevation view -MWR",Dimension,2
Missing vertical clearance dimension below overhead monorail beam -JCM,Dimension,2
SPELLING MISTAKE IN COATING SPEC NOTE: 'GALVANISE' SHOULD BE 'GALVANIZED' -UCC,Cosmetic,3
Part number in bill of materials table does not match vendor certified cut sheet -BEK,BOM,12
MISSING CLIENT DRAWING REFERENCE NUMBER IN MASTER TITLE BLOCK BY: BREKOL,Documentation,6
Note discrepancy: note states galvanize all steel but detail indicates painted finish,Notes,11
DRAWING CROSS-REFERENCE INDEX TABLE INCOMPLETE ON COVER SHEET,Documentation,6
P&ID SYMBOLOGY DOES NOT CONFORM TO COMPANY DRAFTING STANDARD STD-001,Standards,4
BOM QUANTITY MISMATCH: DRAWING SHOWS 4 SUPPORT BRACKETS BUT BOM LISTS QUANTITY 2 -MWR,BOM,12
TITLE BLOCK CAD LAYER LOCKED WITH OUTDATED CONTRACTOR COMPANY NAME -UCC,Documentation,6
Anchor bolt projection dimension from top of grout missing -UCC,Dimension,2
INTER-DISCIPLINE CLASH: PIPE SUPPORT BRACKET INTERFERES WITH INSTRUMENT JUNCTION BOX JB-101,Coordination,5
Typo error in title: 'structral' should be 'structural' -RJY,Cosmetic,3
Line overlap observed between dimension extension line and centerline on grid D-2 -JDM,Drafting,1
WELD SIZE UNDERSIZED: 1/4 INCH FILLET WELD SPECIFIED BUT 3/8 INCH REQUIRED FOR BASE METAL THICKNESS,Technical,0
GENERAL NOTE 2 REFERENCES OBSOLETE SPECIFICATION DOCUMENT 01-SPEC-1998: UPDATE TO REV 2026 -BEK,Notes,11
Safety shower symbol orientation violates ANSI Z358.1 specification,Standards,4
MAINTENANCE ACCESSIBILITY: INSUFFICIENT CLEARANCE TO PULL HEAT EXCHANGER TUBE BUNDLE,Feasibility,9
Font thickness too heavy making small numerical tags illegible -UCC,Cosmetic,3
Spelling mistake in coating spec note: 'galvanise' should be 'galvanized' -JDM,Cosmetic,3
Client logo and project title missing from cover sheet title block By: BreKol,Documentation,6
TRANSFORMER SIZING CALCULATION DOES NOT ACCOUNT FOR CONTINUOUS MOTOR STARTING KVA,Calculation,8
Missing item tag number in BOM schedule column for temperature transmitter By: BreKol,BOM,12
REVISION ISSUE STATUS CHANGED FROM IFD TO IFC BUT REVISION TABLE NOT UPDATED -UCC,Revision,7
Sheet number indicates sheet 2 of 4 but total drawing set has 5 sheets,Documentation,6
Machining finish symbol Ra 3.2 missing on shaft seal landing,Technical,0
Foundation pile load capacity inconsistent with geotechnical soil report calculation By: VSM,Calculation,8
VERIFY STRUCTURAL CONNECTION CAPACITY: SHEAR TAB BOLT COUNT INSUFFICIENT,Technical,0
Interference between crane hook travel envelope and lighting fixture layout,Coordination,5
Drawing title does not match master document register index -JJD,Documentation,6
REVISION BLOCK SHOWS REV 0 DATE BUT DRAWING CONTAINS REV 1 MARKUPS -JDM,Revision,7
COORDINATE WITH PIPING DEPARTMENT: VERIFY NOZZLE ORIENTATION MATCHES P&ID PID-54718,Coordination,5
BOM description incorrect: item 7 description says gate valve but graphic shows globe valve,BOM,12
Emergency exit signage symbol not per ISO 7010 safety sign standard,Standards,4
Corrosion allowance material buffer omitted in wall thickness specification,Material,10
Design calculation inconsistency: vessel wall thickness calculation requires 12mm not 10mm By: VSM,Calculation,8
Maintenance feasibility: filter basket cannot be removed without disconnecting piping,Feasibility,9
Standard electrical grounding symbol missing at transformer neutral connection -MWR,Standards,4
Spelling error: 'pressur' missing 'e' in pipe line description -JDM,Cosmetic,3
TYPO ERROR IN TITLE: 'STRUCTRAL' SHOULD BE 'STRUCTURAL' -JCM,Cosmetic,3
Bearing pressure calculation under footing exceeds allowable soil bearing capacity -MWR,Calculation,8
Isometric drawing view orientation misaligned with plan coordinates,Drafting,1
PROJECT WORK ORDER NUMBER MISSING IN DOCUMENT CONTROL BLOCK BY: VSM,Documentation,6
Add environmental note regarding secondary containment dike drainage valve operation -JJD,Notes,11
"TOLERANCE CALLOUT +/- 1/16"" MISSING ON OVERALL SKID LENGTH DIMENSION -UCC",Dimension,2
REVISION SYMBOL DELTA-2 MISSING NEAR RELOCATED DRAIN VALVE,Revision,7
BOM quantity mismatch: drawing shows 4 support brackets but BOM lists quantity 2 -UCC,BOM,12
Leader line crossing dimension string: reroute leader to detail bubble,Drafting,1
CLIENT LOGO AND PROJECT TITLE MISSING FROM COVER SHEET TITLE BLOCK -JCM,Documentation,6
Foundation pile load capacity inconsistent with geotechnical soil report calculation By: VSM,Calculation,8
SEISMIC ANCHOR LOAD CALCULATION INCONSISTENT WITH BASEPLATE ANCHOR EMBEDMENT DEPTH -BEK,Calculation,8
Dimension callout from survey monument datum is missing on plot plan By: BreKol,Dimension,2
CODAL ISSUE: EGRESS PLATFORM LANDING DIMENSIONS VIOLATE NFPA 101 LIFE SAFETY CODE,Standards,4
DRAFTING VIEW MISMATCH: ISOMETRIC VIEW SHOWS VALVE THAT IS OMITTED ON PLAN VIEW,Drafting,1
BOM quantity mismatch: drawing shows 4 support brackets but BOM lists quantity 2 -JCM,BOM,12
Revision table not updated: add Rev B description 'Incorporated client comments' -UCC,Revision,7
COORDINATE HVAC SUPPLY REGISTER LOCATION WITH OVERHEAD CABLE TRAY RUN,Coordination,5
Missing moment connection plate weld size callout on detail Detail 3,Technical,0
Coordinate instrument air supply line routing with control valve manifold,Coordination,5
Text overlapping dimension leader arrow: adjust text box position,Cosmetic,3
Overlapping text and leader lines obscuring nozzle callout on HEX-102,Drafting,1
"Incorrect elevation callout: TOC shows 345'-11 3/4"" but Section shows 114'-0""",Dimension,2
PUMP MAINTENANCE FEASIBILITY: MOTOR CANNOT BE REMOVED WITHOUT DISMANTLING OVERHEAD PIPING -MWR,Feasibility,9
MTO discrepancy: structural framing schedule omitted W10x49 beam material take-off -JDM,BOM,12
MANDATORY NOTE MISSING: 'CONTRACTOR SHALL VERIFY ALL TIE-IN DIMENSIONS PRIOR TO FABRICATION',Notes,11
RIGGING AND LIFTING LUG PLACEMENT CAUSES CENTER OF GRAVITY TILT DURING ERECTION,Feasibility,9
Previous revision cloud Rev A must be removed before issuing Rev B,Revision,7
Part number mismatch between assembly drawing and sub-assembly detail -JCM,Technical,0
Check pipe spool cut length dimension: account for gasket thickness -JCM,Dimension,2
Cable voltage drop calculation exceeds 3% allowable limit for 480V feeder,Calculation,8
Fabrication feasibility: weld joint between thick plates cannot be reached with welding gun -JCM,Feasibility,9
Add environmental note regarding secondary containment dike drainage valve operation,Notes,11
Title block incomplete: project number and drawing revision letter missing,Documentation,6
PIPE HANGER SUPPORT SYMBOL NON-COMPLIANT WITH MSS SP-58 STANDARD,Standards,4
Short circuit current rating calculation does not support specified breaker kAIC rating,Calculation,8
MISSING REVISION TRIANGLE TAG NEXT TO REVISED BEAM SIZE ON FRAMING PLAN -UCC,Revision,7
Line weight for piping header too thin: distinguish from background grid lines -RJY,Drafting,1
RIGGING AND LIFTING LUG PLACEMENT CAUSES CENTER OF GRAVITY TILT DURING ERECTION,Feasibility,9
DRAWING RELEASE STATUS STILL MARKED 'DRAFT': UPDATE TO 'APPROVED FOR CONSTRUCTION' -JJD,Documentation,6
ECN NUMBER MISSING ON ENGINEERING CHANGE DETAIL FOR REBOILER SADDLE BY: VSM,Technical,0
Spare parts list in bill of materials does not include replacement gasket sets -JJD,BOM,12
Gasket material specified is incompatible with process fluid: change to PTFE / Spiral Wound,Material,10
Spelling error: 'pressur' missing 'e' in pipe line description By: BreKol,Cosmetic,3
Discrepancy between BOM item count and callout bubble count on assembly view,BOM,12
VALVE OPERATION FEASIBILITY: HAND LEVER HITS STRUCTURAL COLUMN WHEN OPENING VALVE -BEK,Feasibility,9
Revision issue status changed from IFD to IFC but revision table not updated -JJD,Revision,7
Seismic anchor load calculation inconsistent with baseplate anchor embedment depth -JDM,Calculation,8
Clash with piping: 6 inch CS line conflicts with electrical cable tray at grid A-1,Coordination,5
Text overlapping with drawing border at lower right corner,Cosmetic,3
Clash with equipment access: motor removal path blocked by adjacent process line,Coordination,5
Interference between crane hook travel envelope and lighting fixture layout -MWR,Coordination,5
HIDDEN LINES SHOWING AS SOLID LINES IN ELEVATION SECTION VIEW -JJD,Drafting,1
Coordinate with civil lead: concrete pad size insufficient for new pump skid footprint -JJD,Coordination,5
Relief valve sizing calculation sheet indicates orifice area 0.50 sq in but drawing shows 0.38 -JJD,Calculation,8
Update notes: add note regarding post-weld heat treatment PWHT requirement -BEK,Notes,11
Missing moment connection plate weld size callout on detail Detail B,Technical,0
Dimension callout from survey monument datum is missing on plot plan By: VSM,Dimension,2
Fabrication feasibility: weld joint between thick plates cannot be reached with welding gun By: VSM,Feasibility,9
COORDINATE WITH CIVIL LEAD: CONCRETE PAD SIZE INSUFFICIENT FOR NEW PUMP SKID FOOTPRINT -RJY,Coordination,5
Missing vertical clearance dimension below overhead monorail beam -BEK,Dimension,2
Material specification discrepancy between piping line list and isometric drawing,Material,10
ECN NO MISSING ON REVISED GUSSET PLATE DETAIL -JCM,Technical,0
DRAFTING VIEW MISMATCH: ISOMETRIC VIEW SHOWS VALVE THAT IS OMITTED ON PLAN VIEW -JJD,Drafting,1
Mandatory note missing: 'Contractor shall verify all tie-in dimensions prior to fabrication',Notes,11
DRAWING STATUS STAMP MISSING: STAMP 'ISSUED FOR CONSTRUCTION' BEFORE RELEASE,Documentation,6
Pump maintenance feasibility: motor cannot be removed without dismantling overhead piping -JCM,Feasibility,9
Flange facing standard designation RF vs FF non-compliant with ASME B16.5 -MWR,Standards,4
Field assembly feasibility: provide bolted splice instead of field full-penetration weld,Feasibility,9
Revision symbol delta-2 missing near relocated drain valve,Revision,7
Incorrect nozzle flange connection rating 900# on vessel P-204A/B By: VSM,Technical,0
Wrong valve body material: specify 316L stainless steel for acid injection line,Material,10
TEXT OVERLAPPING WITH DRAWING BORDER AT LOWER RIGHT CORNER -UCC,Cosmetic,3
Incorrect material: 304SS specified where 316L required for chloride stress corrosion -BEK,Material,10
Design calculation inconsistency: heat loss calculation requires 50mm insulation not 25mm,Calculation,8
HIDDEN LINES SHOWING AS SOLID LINES IN ELEVATION SECTION VIEW BY: BREKOL,Drafting,1
Missing reference drawing numbers for electrical tie-in in documentation block -UCC,Documentation,6
Typo error in title: 'structral' should be 'structural' By: BreKol,Cosmetic,3
CL EL EL +14.500M CALLOUT MISSING FOR PIPE CENTERLINE ON ELEVATION VIEW BY: BREKOL,Dimension,2
Text justification misaligned in equipment table column,Cosmetic,3
Missing dashed hidden line representing equipment clearance envelope,Drafting,1
ASME CODE STAMP REQUIREMENT SYMBOL MISSING FROM PRESSURE VESSEL NAMEPLATE CALLOUT,Standards,4
INCORRECT MEMBER SIZE FOR CROSS BRACE B-04: UPGRADE W14X48 TO W18X76 FOR SPAN LOAD,Technical,0
FABRICATION FEASIBILITY: WELD JOINT BETWEEN THICK PLATES CANNOT BE REACHED WITH WELDING GUN -UCC,Feasibility,9
BOM item 5 size callout shows 4 inch but isometric drawing shows 6 inch pipe,BOM,12
MISSING MOMENT CONNECTION PLATE WELD SIZE CALLOUT ON DETAIL DETAIL 12 -JJD,Technical,0
General notes page says scan survey date 06/19/25: please clarify survey reference note By: VSM,Notes,11
MISSING DIMENSION FROM COLUMN GRID G-7 TO PUMP CENTERLINE BY: VSM,Dimension,2
ERECTION CLEARANCE: OVERHEAD CRANE HOOK CANNOT REACH PUMP FOR MAINTENANCE REMOVAL -JCM,Feasibility,9
Missing vertical clearance dimension below overhead monorail beam -UCC,Dimension,2
Missing dashed hidden line representing equipment clearance envelope By: VSM,Drafting,1
Add environmental note regarding secondary containment dike drainage valve operation -BEK,Notes,11
BOM item table row 9 missing ASTM material specification number,BOM,12
MISSING ENGINEER OF RECORD PROFESSIONAL SEAL AND SIGNATURE IN TITLE BLOCK -JCM,Documentation,6
TYPO IN GENERAL NOTE: 'VALVUE' SHOULD READ 'VALVE' -BEK,Cosmetic,3
Valve operation feasibility: hand lever hits structural column when opening valve -JJD,Feasibility,9
MISSING ITEM TAG NUMBER IN BOM SCHEDULE COLUMN FOR TEMPERATURE TRANSMITTER BY: BREKOL,BOM,12
Text alignment in general notes section is jagged: align left margins,Cosmetic,3
Transformer sizing calculation does not account for continuous motor starting kVA By: VSM,Calculation,8
DESIGN CALCULATION INCONSISTENCY: VESSEL WALL THICKNESS CALCULATION REQUIRES 12MM NOT 10MM,Calculation,8
Incorrect material: 304SS specified where 316L required for chloride stress corrosion,Material,10
Constructability issue: anchor bolt template cannot be installed due to rebar congestion,Feasibility,9
FONT THICKNESS TOO HEAVY MAKING SMALL NUMERICAL TAGS ILLEGIBLE -JDM,Cosmetic,3
HIDDEN LINES SHOWING AS SOLID LINES IN ELEVATION SECTION VIEW,Drafting,1
PART NUMBER IN BILL OF MATERIALS TABLE DOES NOT MATCH VENDOR CERTIFIED CUT SHEET,BOM,12
FLANGE MATERIAL MUST MATCH PIPE MATERIAL SPECIFICATION ASTM A105 FOR CS LINES,Material,10
BOM description missing valve actuator model and air supply pressure rating -JCM,BOM,12
FONT HEIGHT INCONSISTENT BETWEEN SHEET TITLE AND DRAWING SUBTITLE,Cosmetic,3
General note 7 missing requirement for non-destructive examination NDT of critical welds By: VSM,Notes,11
Missing revision triangle tag next to revised beam size on framing plan -JCM,Revision,7
Note discrepancy: note states galvanize all steel but detail indicates painted finish,Notes,11
Sheet number indicates sheet 2 of 4 but total drawing set has 5 sheets -JJD,Documentation,6
Incorrect general note 4: field verification of existing foundation elevation is mandatory,Notes,11
Geometric tolerancing GD&T frame symbol missing datum reference per ASME Y14.5 -JJD,Standards,4
Gasket material specified is incompatible with process fluid: change to PTFE / Spiral Wound -BEK,Material,10
Discrepancy in pipe diameter callout: 6 inch indicated on plan but 8 inch on elevation,Dimension,2
Clash with electrical: conduit bank routes directly through valve operating envelope -JDM,Coordination,5
ECN number missing on engineering change detail for filter skid base -JDM,Technical,0
Structural steel member designation format violates AISC standard naming -JDM,Standards,4
Incorrect note: reference to hydrotest pressure in note 3 contradicts line schedule,Notes,11
Revision table row entry missing reviewer initials and approval date,Revision,7
Design calculation inconsistency: heat loss calculation requires 50mm insulation not 25mm By: VSM,Calculation,8
General note 7 missing requirement for non-destructive examination NDT of critical welds,Notes,11
Wrong view orientation: detail shows left elevation instead of right elevation,Drafting,1
CLASH WITH ELECTRICAL: CONDUIT BANK ROUTES DIRECTLY THROUGH VALVE OPERATING ENVELOPE BY: VSM,Coordination,5
Engineer and checker approval signatures and dates missing in sign-off block,Documentation,6
Flange bolting accessibility: clearance between flange and vessel wall too tight for torque wrench -BEK,Feasibility,9
Line weight for piping header too thin: distinguish from background grid lines -BEK,Drafting,1
Missing engineer of record professional seal and signature in title block,Documentation,6
REINFORCING BAR REBAR GRADE MUST BE ASTM A615 GRADE 60 PER STRUCTURAL SPEC -MWR,Material,10
DRAWING RELEASE STATUS STILL MARKED 'DRAFT': UPDATE TO 'APPROVED FOR CONSTRUCTION' -UCC,Documentation,6
Field weld accessibility: joint located inside enclosed box beam cannot be inspected By: BreKol,Feasibility,9
Incorrect distance between anchor bolt centers on foundation template -MWR,Dimension,2
Fabrication feasibility: tight pipe spool geometry cannot be hot-dip galvanized without pooling -JJD,Feasibility,9
Pipe schedule standard callout non-compliant with ASME B36.10M -JCM,Standards,4
Bearing pressure calculation under footing exceeds allowable soil bearing capacity -UCC,Calculation,8
STANDARD COMPLIANCE: INSTRUMENTATION TAG FORMAT DOES NOT FOLLOW ISA-5.1 NAMING RULE -UCC,Standards,4
Dimension extension line detached from reference feature on plan view -BEK,Dimension,2
MISSING REVISION TRIANGLE TAG NEXT TO REVISED BEAM SIZE ON FRAMING PLAN BY: VSM,Revision,7
Erection feasibility: provide temporary lifting lugs for modular frame transport,Feasibility,9
Design calculation inconsistency: vessel wall thickness calculation requires 12mm not 10mm By: VSM,Calculation,8
Clash detected in 3D model between fire protection sprinkler header and structural brace,Coordination,5
DRAWING INDEX SHEET LIST DOES NOT MATCH ACTUAL SHEETS INCLUDED IN PACKAGE,Documentation,6
CENTERLINE MISSING ON SYMMETRIC EQUIPMENT FOUNDATION PAD DETAIL -UCC,Drafting,1
Coordinate with civil lead: concrete pad size insufficient for new pump skid footprint -JCM,Coordination,5
Missing reference drawing numbers for electrical tie-in in documentation block -RJY,Documentation,6
P&ID symbology does not conform to company drafting standard STD-001,Standards,4
EMERGENCY EXIT SIGNAGE SYMBOL NOT PER ISO 7010 SAFETY SIGN STANDARD -BEK,Standards,4
Document distribution stamp incomplete: missing transmittal number -MWR,Documentation,6
Incorrect drawing scale: indicated scale 1:20 does not match graphic bar scale -JDM,Drafting,1
Engineer and checker approval signatures and dates missing in sign-off block -BEK,Documentation,6
TEXT CALLOUT ROTATED AT ODD ANGLE: ALIGN HORIZONTALLY FOR READABILITY -BEK,Cosmetic,3
Incorrect distance between anchor bolt centers on foundation template By: BreKol,Dimension,2
Delta revision symbol missing on updated elevation callout -JDM,Revision,7
GENERAL NOTE 7 MISSING REQUIREMENT FOR NON-DESTRUCTIVE EXAMINATION NDT OF CRITICAL WELDS,Notes,11
MATERIAL GRADE MISMATCH: STRUCTURAL PLATES SHOW ASTM A36 INSTEAD OF HIGH-STRENGTH A992 -MWR,Material,10
Erection clearance: overhead crane hook cannot reach pump for maintenance removal,Feasibility,9
Missing dimension from column grid G-7 to pump centerline,Dimension,2
ECN NUMBER MISSING ON ENGINEERING CHANGE DETAIL FOR VALVE MANIFOLD BRACKET,Technical,0
Incorrect O-ring elastomer material: specify Viton for hydrocarbon service -JDM,Material,10
DISCREPANCY IN PIPE DIAMETER CALLOUT: 6 INCH INDICATED ON PLAN BUT 8 INCH ON ELEVATION -JDM,Dimension,2
Check equipment nozzle load connection details on E-301 inlet flange -JDM,Technical,0
CENTER-TO-CENTER DIMENSION BETWEEN NOZZLES N1 AND N2 IS MISSING,Dimension,2
BILL OF MATERIALS QUANTITY ERROR: 16 BOLTS REQUIRED PER FLANGE PAIR BUT BOM LISTS 8 -BEK,BOM,12
Electrical schematic symbols do not follow IEEE / IEC standard convention -JJD,Standards,4
Verify structural connection capacity: shear tab bolt count insufficient,Technical,0
Mandatory note missing: 'Contractor shall verify all tie-in dimensions prior to fabrication',Notes,11
Maintenance feasibility: filter basket cannot be removed without disconnecting piping -MWR,Feasibility,9
TUBING MATERIAL CALLOUT INCORRECT: SPECIFY SEAMLESS 316SS INSTRUMENT TUBING,Material,10
INCORRECT MEMBER SIZE FOR PURLIN P-10: UPGRADE W12X26 TO W21X83 FOR SPAN LOAD,Technical,0
Update general note 12 regarding torque requirements for structural high-strength bolts By: VSM,Notes,11
Corrosion allowance material buffer omitted in wall thickness specification -MWR,Material,10
Welding symbol not compliant with AWS A2.4 standard notation By: VSM,Standards,4
ANCHOR BOLT MATERIAL MUST BE HOT-DIP GALVANIZED ASTM F1554 GRADE 55 -JDM,Material,10
Pipe hanger support symbol non-compliant with MSS SP-58 standard -UCC,Standards,4
Incorrect note: reference to hydrotest pressure in note 3 contradicts line schedule,Notes,11
Pipe hanger support symbol non-compliant with MSS SP-58 standard -JJD,Standards,4
ASME CODE STAMP REQUIREMENT SYMBOL MISSING FROM PRESSURE VESSEL NAMEPLATE CALLOUT,Standards,4
Missing radial clearance dimension around valve handwheel By: VSM,Dimension,2
DELTA REVISION SYMBOL MISSING ON UPDATED ELEVATION CALLOUT -JCM,Revision,7
MTO DISCREPANCY: STRUCTURAL FRAMING SCHEDULE OMITTED W10X49 BEAM MATERIAL TAKE-OFF -MWR,BOM,12
REVISION TRIANGLE TAG ON PLAN VIEW DOES NOT MATCH REVISION TABLE ENTRY,Revision,7
Inter-discipline interference: structural diagonal bracing blocks instrument transmitter display -JDM,Coordination,5
INCORRECT DRAWING SCALE: INDICATED SCALE 1:100 DOES NOT MATCH GRAPHIC BAR SCALE -JJD,Drafting,1
Anchor bolt material must be hot-dip galvanized ASTM F1554 Grade 55 -JDM,Material,10
Note 5 wording unclear: revise to state clearly 'All dimensions are in millimeters unless noted' By: BreKol,Notes,11
ERECTION CLEARANCE: OVERHEAD CRANE HOOK CANNOT REACH PUMP FOR MAINTENANCE REMOVAL,Feasibility,9
Revision block shows Rev 0 date but drawing contains Rev 1 markups By: BreKol,Revision,7
NOTE REFERENCE ERROR: DETAIL REFERS TO NOTE 15 BUT NOTES LIST ONLY GOES UP TO NOTE 11,Notes,11
Spelling error in note 3: 'reciever' should be corrected to 'receiver' -JJD,Cosmetic,3
THERMAL RELIEF CALCULATION MISSING FOR TRAPPED LIQUID SEGMENT ON LINE 02-IA-010-CS -BEK,Calculation,8
Text callout rotated at odd angle: align horizontally for readability,Cosmetic,3
CL EL EL +108.250' callout missing for pipe centerline on elevation view -UCC,Dimension,2
Piping and structural clash: pipe flange hits bottom flange of W12 beam -UCC,Coordination,5
Delta revision symbol missing on updated elevation callout -BEK,Revision,7
NOTE CALLOUT ON SHEET 1 CONTRADICTS NOTE 6 ON COMPANION DRAWING M-70086-01-004,Notes,11
Typo in general note: 'valvue' should read 'valve' -JJD,Cosmetic,3
CLIENT LOGO AND PROJECT TITLE MISSING FROM COVER SHEET TITLE BLOCK -JCM,Documentation,6
VESSEL NOZZLE REINFORCEMENT PAD AREA CALCULATION INSUFFICIENT FOR EXTERNAL PIPING MOMENT,Calculation,8
Structural steel member designation format violates AISC standard naming -JCM,Standards,4
BOM TABLE COLUMN FOR MATERIAL GRADE IS BLANK FOR ITEMS 3 THROUGH 8 -JDM,BOM,12
Update note 8: specify paint and protective coating system per client specification,Notes,11
MATERIAL CALLOUT FOR BASEPLATE SHOWS MILD STEEL: REVISE TO ASTM A572 GR 50,Material,10
CL EL EL +108.250' CALLOUT MISSING FOR PIPE CENTERLINE ON ELEVATION VIEW -BEK,Dimension,2
ANCHOR BOLT MATERIAL MUST BE HOT-DIP GALVANIZED ASTM F1554 GRADE 55 -BEK,Material,10
REVISION BLOCK SHOWS REV 0 DATE BUT DRAWING CONTAINS REV 1 MARKUPS,Revision,7
Codal compliance issue: aisle clearance width below NFPA minimum 36 inches By: BreKol,Standards,4
MATERIAL TAKE-OFF MTO LINE ITEM MISSING FOR PIPE REDUCER ON LINE 174005-S12-04-P08 -JDM,BOM,12
BOM quantity mismatch: drawing shows 4 support brackets but BOM lists quantity 2 By: VSM,BOM,12
Typo error: 'temparature' spelled incorrectly in instrument schedule By: BreKol,Cosmetic,3
VALVE OPERATION FEASIBILITY: HAND LEVER HITS STRUCTURAL COLUMN WHEN OPENING VALVE,Feasibility,9
Coordinate with architectural team: wall penetration sleeve location conflicts with column By: VSM,Coordination,5
ADD MANDATORY SAFETY NOTE: 'DO NOT ENERGIZE EQUIPMENT PRIOR TO INTERLOCK VALIDATION' -MWR,Notes,11
Interference between crane hook travel envelope and lighting fixture layout By: BreKol,Coordination,5
Nozzle projection dimension missing from vessel outer shell,Dimension,2
Fastener material callout incorrect: specify ASTM A193 Gr. B7 studs with 2H heavy hex nuts -MWR,Material,10
FLOW RATE CALCULATION DISCREPANCY BETWEEN PFD HEAT & MATERIAL BALANCE AND LINE SCHEDULE -JJD,Calculation,8
HIDDEN LINES SHOWING AS SOLID LINES IN ELEVATION SECTION VIEW -JDM,Drafting,1
Calculation error: thermal expansion stress exceeds allowable code stress on line 12-CW-305-CS,Calculation,8
Drawing index sheet list does not match actual sheets included in package -RJY,Documentation,6
BOM QUANTITY MISMATCH: DRAWING SHOWS 4 SUPPORT BRACKETS BUT BOM LISTS QUANTITY 2 -JDM,BOM,12
STANDARD COMPLIANCE: INSTRUMENTATION TAG FORMAT DOES NOT FOLLOW ISA-5.1 NAMING RULE,Standards,4
REVISE NOTE 1 TO REFERENCE THE LATEST GEOTECHNICAL SITE INVESTIGATION REPORT BY: BREKOL,Notes,11
DRAWING STATUS STAMP MISSING: STAMP 'ISSUED FOR CONSTRUCTION' BEFORE RELEASE,Documentation,6
Missing stiffener plate connection at high stress beam junction -JDM,Technical,0
Missing engineer of record professional seal and signature in title block -JCM,Documentation,6
INCONSISTENT CAPITALIZATION IN EQUIPMENT CALLOUTS: USE ALL UPPERCASE,Cosmetic,3
P&ID SYMBOLOGY DOES NOT CONFORM TO COMPANY DRAFTING STANDARD STD-001 -RJY,Standards,4
Material take-off MTO line item missing for pipe reducer on line 08-PL-104-CS By: BreKol,BOM,12
Rigging and lifting lug placement causes center of gravity tilt during erection -JCM,Feasibility,9
Title block incomplete: project number and drawing revision letter missing -JDM,Documentation,6
Incorrect member size for purlin P-10: upgrade W12x26 to W14x90 for span load -JJD,Technical,0
Revision status in title block says Rev 1 but revision table lists Rev 2,Revision,7
Erection feasibility: provide temporary lifting lugs for modular frame transport,Feasibility,9
Revision cloud overlaps drawing title block: reposition cloud boundary -UCC,Revision,7
Drawing status stamp missing: stamp 'ISSUED FOR CONSTRUCTION' before release,Documentation,6
COORDINATE WITH CIVIL LEAD: CONCRETE PAD SIZE INSUFFICIENT FOR NEW PUMP SKID FOOTPRINT,Coordination,5
Drawing status stamp missing: stamp 'ISSUED FOR CONSTRUCTION' before release,Documentation,6
Pipe hanger support symbol non-compliant with MSS SP-58 standard -UCC,Standards,4
Delta symbol callout 3 missing on sheet 2 revision history table By: VSM,Revision,7
UPDATE NOTE 8: SPECIFY PAINT AND PROTECTIVE COATING SYSTEM PER CLIENT SPECIFICATION -JCM,Notes,11
DESIGN INCONSISTENCY: PRESSURE DROP CALCULATION DOES NOT MATCH LINE SIZING ON P&ID -JDM,Calculation,8
CLASH BETWEEN GRAVITY DRAIN LINE SLOPE AND UNDERGROUND ELECTRICAL DUCT BANK -RJY,Coordination,5
Coordinate with piping department: verify nozzle orientation matches P&ID M-009,Coordination,5
Fabrication feasibility: tight pipe spool geometry cannot be hot-dip galvanized without pooling,Feasibility,9
CLASH WITH EQUIPMENT ACCESS: MOTOR REMOVAL PATH BLOCKED BY ADJACENT PROCESS LINE,Coordination,5
Incorrect material: 304SS specified where 316L required for chloride stress corrosion -UCC,Material,10
STANDARD ELECTRICAL GROUNDING SYMBOL MISSING AT TRANSFORMER NEUTRAL CONNECTION -JDM,Standards,4
FOUNDATION PILE LOAD CAPACITY INCONSISTENT WITH GEOTECHNICAL SOIL REPORT CALCULATION,Calculation,8
Incorrect symbol used for check valve: per ISA-5.1 standard replace with standard symbol,Standards,4
Incorrect note: reference to hydrotest pressure in note 3 contradicts line schedule By: BreKol,Notes,11
Tubing material callout incorrect: specify seamless 316SS instrument tubing,Material,10
ECN NO MISSING ON REVISED GUSSET PLATE DETAIL BY: BREKOL,Technical,0
Clash between gravity drain line slope and underground electrical duct bank -MWR,Coordination,5
DOCUMENTATION HOLD: PENDING VENDOR CERTIFIED DRAWING ATTACHMENT -JDM,Documentation,6
Non-standard abbreviation used: replace 'VLV' with standard abbreviation per project code -BEK,Standards,4
Missing radius dimension on elbow bend curvature callout By: BreKol,Dimension,2
General note 7 missing requirement for non-destructive examination NDT of critical welds,Notes,11
MISSING ENGINEER OF RECORD PROFESSIONAL SEAL AND SIGNATURE IN TITLE BLOCK -BEK,Documentation,6
INCORRECT PART NUMBER IN BOM ITEM 21: CATALOG NUMBER DOES NOT MATCH MANUFACTURER SPEC,BOM,12
"CL EL 102'-6"" CALLOUT MISSING FOR PIPE CENTERLINE ON ELEVATION VIEW -JDM",Dimension,2
UPDATE NOTES: ADD NOTE REGARDING POST-WELD HEAT TREATMENT PWHT REQUIREMENT -RJY,Notes,11
Coordinate electrical power feed routing with underground drainage piping -BEK,Coordination,5
Valve operation feasibility: hand lever hits structural column when opening valve By: BreKol,Feasibility,9
BILL OF MATERIALS QUANTITY ERROR: 16 BOLTS REQUIRED PER FLANGE PAIR BUT BOM LISTS 8,BOM,12
General note 7 missing requirement for non-destructive examination NDT of critical welds -UCC,Notes,11
Delta symbol callout 3 missing on sheet 2 revision history table,Revision,7
INCORRECT MANUFACTURER NAME LISTED IN BILL OF MATERIALS FOR MOTOR STARTER UNIT,BOM,12
"Fabrication issue: minimum bend radius on 1/2"" structural plate will cause cracking By: BreKol",Feasibility,9
UPDATE BILL OF MATERIALS BOM TO REFLECT LATEST REVISION OF PIPING COMPONENT SCHEDULE -JDM,BOM,12
Erection clearance: overhead crane hook cannot reach pump for maintenance removal -MWR,Feasibility,9
Discrepancy in pipe diameter callout: 6 inch indicated on plan but 8 inch on elevation -JCM,Dimension,2
"CL EL 88'-4 1/2"" callout missing for pipe centerline on elevation view",Dimension,2
GENERAL NOTES PAGE SAYS SCAN SURVEY DATE 06/19/25: PLEASE CLARIFY SURVEY REFERENCE NOTE,Notes,11
Structural truss member buckling calculation does not verify unbraced length,Calculation,8
INCORRECT MEMBER SIZE FOR GIRDER G-1: UPGRADE C10X20 TO HSS 8X8X1/2 FOR SPAN LOAD -RJY,Technical,0
Pipe span deflection calculation exceeds L/240 criteria under hydrostatic test load By: BreKol,Calculation,8
EQUIPMENT TRANSPORT FEASIBILITY: SKID WIDTH EXCEEDS MAXIMUM ROADWAY SHIPPING CLEARANCE -JJD,Feasibility,9
BOM ITEM TABLE MISSING UNIT WEIGHT AND TOTAL WEIGHT COLUMN ENTRIES,BOM,12
Interference between crane hook travel envelope and lighting fixture layout -JJD,Coordination,5
Clash with equipment access: motor removal path blocked by adjacent process line,Coordination,5
Part number wrong on TK-401 bracket mounting assembly: shows BKT-4081-A instead of BRG-904 -UCC,Technical,0
Incorrect tolerance specified on hole pattern for C-100 baseplate -BEK,Technical,0
SPARE PARTS LIST IN BILL OF MATERIALS DOES NOT INCLUDE REPLACEMENT GASKET SETS,BOM,12
MISSING VERTICAL CLEARANCE DIMENSION BELOW OVERHEAD MONORAIL BEAM,Dimension,2
Wind load overturning moment calculation inconsistent with anchor bolt sizing -MWR,Calculation,8
NOTE CALLOUT ON SHEET 1 CONTRADICTS NOTE 6 ON COMPANION DRAWING S-70086-01-101 -JJD,Notes,11
INCORRECT FLANGE RATING LISTED IN BILL OF MATERIALS TABLE FOR ITEM 12,BOM,12
Leader line crossing dimension string: reroute leader to detail bubble -JDM,Drafting,1
"Incorrect dimension: overall length shows 3450 mm but sum of segment callouts is 8'-4 1/2"" -JDM",Dimension,2
TYPO IN NOTE 7: 'FEEDEER' CORRECTED TO 'FEEDER',Cosmetic,3
Pump maintenance feasibility: motor cannot be removed without dismantling overhead piping,Feasibility,9
LEADER LINE CROSSING DIMENSION STRING: REROUTE LEADER TO DETAIL BUBBLE,Drafting,1
ERECTION FEASIBILITY ISSUE: COLUMN SPLICE LOCATION INACCESSIBLE FOR MOBILE CRANE HOOK,Feasibility,9
FLANGE FACING STANDARD DESIGNATION RF VS FF NON-COMPLIANT WITH ASME B16.5 -MWR,Standards,4
Missing vertical clearance dimension below overhead monorail beam,Dimension,2
Inter-discipline clash: pipe support bracket interferes with instrument junction box JB-E12 -UCC,Coordination,5
PIPING AND STRUCTURAL CLASH: PIPE FLANGE HITS BOTTOM FLANGE OF W12 BEAM BY: VSM,Coordination,5
Update notes: add note regarding post-weld heat treatment PWHT requirement,Notes,11
Pump maintenance feasibility: motor cannot be removed without dismantling overhead piping -UCC,Feasibility,9
Update bill of materials BOM to reflect latest revision of piping component schedule,BOM,12
EMERGENCY EXIT SIGNAGE SYMBOL NOT PER ISO 7010 SAFETY SIGN STANDARD -RJY,Standards,4
Revision history block missing date and initial for Revision C,Revision,7
Title block incomplete: project number and drawing revision letter missing -RJY,Documentation,6
Inter-discipline clash: pipe support bracket interferes with instrument junction box JB-A01 -MWR,Coordination,5
LINE OVERLAP OBSERVED BETWEEN DIMENSION EXTENSION LINE AND CENTERLINE ON GRID A-1 BY: VSM,Drafting,1
CL EL EL +108.250' callout missing for pipe centerline on elevation view,Dimension,2
Maintenance feasibility: filter basket cannot be removed without disconnecting piping By: VSM,Feasibility,9
Verify missing setback dimension from property boundary line,Dimension,2
Document distribution stamp incomplete: missing transmittal number -MWR,Documentation,6
Erection feasibility: provide temporary lifting lugs for modular frame transport -BEK,Feasibility,9
COORDINATE INSTRUMENT AIR SUPPLY LINE ROUTING WITH CONTROL VALVE MANIFOLD,Coordination,5
Line overlap observed between dimension extension line and centerline on grid E-4,Drafting,1
PROJECT WORK ORDER NUMBER MISSING IN DOCUMENT CONTROL BLOCK -JCM,Documentation,6
Structural truss member buckling calculation does not verify unbraced length By: BreKol,Calculation,8
MISSING RADIAL CLEARANCE DIMENSION AROUND VALVE HANDWHEEL -MWR,Dimension,2
Typo in general note: 'valvue' should read 'valve' -MWR,Cosmetic,3
ENGINEER AND CHECKER APPROVAL SIGNATURES AND DATES MISSING IN SIGN-OFF BLOCK -BEK,Documentation,6
TRANSFORMER SIZING CALCULATION DOES NOT ACCOUNT FOR CONTINUOUS MOTOR STARTING KVA,Calculation,8
Check equipment nozzle load connection details on P-204A/B inlet flange -UCC,Technical,0
DRAWING RELEASE STATUS STILL MARKED 'DRAFT': UPDATE TO 'APPROVED FOR CONSTRUCTION' -JDM,Documentation,6
DELTA SYMBOL CALLOUT 3 MISSING ON SHEET 2 REVISION HISTORY TABLE,Revision,7
MISSING DIMENSION FROM COLUMN GRID G-7 TO PUMP CENTERLINE,Dimension,2
MISSING RADIAL CLEARANCE DIMENSION AROUND VALVE HANDWHEEL -JJD,Dimension,2
Drafting error: dimension line cuts through equipment outline,Drafting,1
Rigging and lifting lug placement causes center of gravity tilt during erection,Feasibility,9
Document distribution stamp incomplete: missing transmittal number -MWR,Documentation,6
Previous revision cloud Rev A must be removed before issuing Rev B,Revision,7
BOM item table row 9 missing ASTM material specification number -JCM,BOM,12
COORDINATE WITH PIPING DEPARTMENT: VERIFY NOZZLE ORIENTATION MATCHES P&ID M-009 -UCC,Coordination,5
Erection feasibility: provide temporary lifting lugs for modular frame transport,Feasibility,9
Discrepancy between BOM item count and callout bubble count on assembly view -JJD,BOM,12
Revision description vague: replace 'Revisions' with detailed change description -UCC,Revision,7
Revision history block missing date and initial for Revision C -JJD,Revision,7
Safety shower symbol orientation violates ANSI Z358.1 specification By: BreKol,Standards,4
REVISION DESCRIPTION VAGUE: REPLACE 'REVISIONS' WITH DETAILED CHANGE DESCRIPTION -JDM,Revision,7
Revision cloud overlaps drawing title block: reposition cloud boundary,Revision,7
Drawing status stamp missing: stamp 'ISSUED FOR CONSTRUCTION' before release,Documentation,6
Coordinate with civil lead: concrete pad size insufficient for new pump skid footprint,Coordination,5
WRONG WELD CALLOUT: REPLACE FILLET WELD WITH FULL PENETRATION CJP GROOVE WELD ON MOMENT CONNECTION -JJD,Technical,0
MISSING ITEM TAG NUMBER IN BOM SCHEDULE COLUMN FOR TEMPERATURE TRANSMITTER,BOM,12
ASME code stamp requirement symbol missing from pressure vessel nameplate callout,Standards,4
Font height inconsistent between sheet title and drawing subtitle,Cosmetic,3
WIND LOAD OVERTURNING MOMENT CALCULATION INCONSISTENT WITH ANCHOR BOLT SIZING,Calculation,8
Missing hidden line for underground conduit duct bank on plan view -UCC,Drafting,1
Erection clearance: overhead crane hook cannot reach pump for maintenance removal By: BreKol,Feasibility,9
Standard compliance: instrumentation tag format does not follow ISA-5.1 naming rule,Standards,4
Typo in general note: 'valvue' should read 'valve',Cosmetic,3
VERIFY STRUCTURAL CONNECTION CAPACITY: SHEAR TAB BOLT COUNT INSUFFICIENT -UCC,Technical,0
FIELD ASSEMBLY FEASIBILITY: PROVIDE BOLTED SPLICE INSTEAD OF FIELD FULL-PENETRATION WELD,Feasibility,9
Transformer sizing calculation does not account for continuous motor starting kVA,Calculation,8
BOM description missing valve actuator model and air supply pressure rating By: BreKol,BOM,12
TEXT CALLOUT ROTATED AT ODD ANGLE: ALIGN HORIZONTALLY FOR READABILITY -UCC,Cosmetic,3
Fabrication feasibility: tight pipe spool geometry cannot be hot-dip galvanized without pooling -JJD,Feasibility,9
BOM ITEM TABLE MISSING UNIT WEIGHT AND TOTAL WEIGHT COLUMN ENTRIES -JJD,BOM,12
Revision table not updated: add Rev B description 'Incorporated client comments',Revision,7
TEXT JUSTIFICATION MISALIGNED IN EQUIPMENT TABLE COLUMN,Cosmetic,3
Material callout for baseplate shows mild steel: revise to ASTM A572 Gr 50,Material,10
Misaligned column text in revision history table,Cosmetic,3
Detail bubble Section 4 missing sheet cross-reference on elevation view -MWR,Drafting,1
Material grade mismatch: structural plates show ASTM A36 instead of high-strength A992 -JJD,Material,10
TEXT CALLOUT ROTATED AT ODD ANGLE: ALIGN HORIZONTALLY FOR READABILITY -MWR,Cosmetic,3
General notes page says scan survey date 06/19/25: please clarify survey reference note,Notes,11
Delta symbol callout 3 missing on sheet 2 revision history table -RJY,Revision,7
MULTIPLE REVISIONS MIXED ON SHEET: CLEAR REV 1 CLOUDS AND KEEP ONLY REV 2 CHANGES -MWR,Revision,7
Material grade mismatch: structural plates show ASTM A36 instead of high-strength A992,Material,10
Calculation error: thermal expansion stress exceeds allowable code stress on line 08-PL-104-CS By: VSM,Calculation,8
Note discrepancy: note states galvanize all steel but detail indicates painted finish By: VSM,Notes,11
Hydraulic gradient calculation discrepancy on gravity sewer line slope -UCC,Calculation,8
MTO DISCREPANCY: STRUCTURAL FRAMING SCHEDULE OMITTED W10X49 BEAM MATERIAL TAKE-OFF -JJD,BOM,12
Drafting view mismatch: isometric view shows valve that is omitted on plan view By: BreKol,Drafting,1
MISSING BREAK LINE SYMBOL ON TRUNCATED PIPE SPOOL RUN -BEK,Drafting,1
Missing match line callout on sheet 1 for continuation on sheet 1 -BEK,Drafting,1
NOTE 5 WORDING UNCLEAR: REVISE TO STATE CLEARLY 'ALL DIMENSIONS ARE IN MILLIMETERS UNLESS NOTED',Notes,11
Structural beam size W14x90 inconsistent with design calculation sheet CALC-ST-101 -RJY,Calculation,8
Verify structural connection capacity: shear tab bolt count insufficient -JDM,Technical,0
MISSING STIFFENER PLATE CONNECTION AT HIGH STRESS BEAM JUNCTION,Technical,0
Note 5 wording unclear: revise to state clearly 'All dimensions are in millimeters unless noted' -RJY,Notes,11
CLASH DETECTED IN 3D MODEL BETWEEN FIRE PROTECTION SPRINKLER HEADER AND STRUCTURAL BRACE -MWR,Coordination,5
Standard electrical grounding symbol missing at transformer neutral connection,Standards,4
BOM table column for material grade is blank for items 3 through 8,BOM,12
INCORRECT FLANGE RATING LISTED IN BILL OF MATERIALS TABLE FOR ITEM 12,BOM,12
CLASH DETECTED IN 3D MODEL BETWEEN FIRE PROTECTION SPRINKLER HEADER AND STRUCTURAL BRACE,Coordination,5
WRONG GASKET MATERIAL: GRAPHITE FILLED SPIRAL WOUND REQUIRED FOR STEAM SERVICE,Material,10
Hazardous area classification boundary symbol missing per NFPA 497 standard,Standards,4
System clash: cable ladder obstructs access to emergency shower station By: VSM,Coordination,5
Missing moment connection plate weld size callout on detail Section 4 -RJY,Technical,0
COORDINATE WITH CIVIL LEAD: CONCRETE PAD SIZE INSUFFICIENT FOR NEW PUMP SKID FOOTPRINT,Coordination,5
Missing match line callout on sheet 1 for continuation on sheet 5 By: BreKol,Drafting,1
TYPO ERROR: 'TEMPARATURE' SPELLED INCORRECTLY IN INSTRUMENT SCHEDULE,Cosmetic,3
TEXT OVERLAPPING DIMENSION LEADER ARROW: ADJUST TEXT BOX POSITION -JJD,Cosmetic,3
General note regarding field touch-up paint missing from structural drawing -JJD,Notes,11
ECN NO MISSING ON REVISED GUSSET PLATE DETAIL -JJD,Technical,0
Font size too small on valve tag callouts: increase to standard 2.5mm,Cosmetic,3
Inconsistent capitalization in equipment callouts: use all uppercase -BEK,Cosmetic,3
Leader line crossing dimension string: reroute leader to detail bubble,Drafting,1
BOM table column for material grade is blank for items 3 through 8,BOM,12
Erection clearance: overhead crane hook cannot reach pump for maintenance removal -MWR,Feasibility,9
Spelling error: 'pressur' missing 'e' in pipe line description,Cosmetic,3
MISSING RADIAL CLEARANCE DIMENSION AROUND VALVE HANDWHEEL -RJY,Dimension,2
ASME code stamp requirement symbol missing from pressure vessel nameplate callout,Standards,4
Erection sequence conflict: beam cannot be installed after vessel is set on foundation -RJY,Feasibility,9
Bill of materials quantity error: 16 bolts required per flange pair but BOM lists 8,BOM,12
Add mandatory safety note: 'Do not energize equipment prior to interlock validation' -BEK,Notes,11
Drafting view mismatch: isometric view shows valve that is omitted on plan view,Drafting,1
Missing match line callout on sheet 5 for continuation on sheet 4,Drafting,1
Non-standard abbreviation used: replace 'VLV' with standard abbreviation per project code,Standards,4
PIPE SCHEDULE STANDARD CALLOUT NON-COMPLIANT WITH ASME B36.10M,Standards,4
REVISION ISSUE STATUS CHANGED FROM IFD TO IFC BUT REVISION TABLE NOT UPDATED -JCM,Revision,7
FONT HEIGHT INCONSISTENT BETWEEN SHEET TITLE AND DRAWING SUBTITLE,Cosmetic,3
DRAFTING VIEW MISMATCH: ISOMETRIC VIEW SHOWS VALVE THAT IS OMITTED ON PLAN VIEW -RJY,Drafting,1
Machining symbol missing on flange mating face surface finish requirement -JCM,Technical,0
Wrong gasket material: graphite filled spiral wound required for steam service,Material,10
Overlapping text and leader lines obscuring nozzle callout on C-100,Drafting,1
"FABRICATION ISSUE: MINIMUM BEND RADIUS ON 1/2"" STRUCTURAL PLATE WILL CAUSE CRACKING -UCC",Feasibility,9
DOCUMENTATION HOLD: PENDING VENDOR CERTIFIED DRAWING ATTACHMENT,Documentation,6
Multiple revisions mixed on sheet: clear Rev 1 clouds and keep only Rev 2 changes By: BreKol,Revision,7
Incorrect material: 304SS specified where 316L required for chloride stress corrosion By: BreKol,Material,10
ACCESSIBILITY ISSUE: TRANSMITTER DISPLAY NOT READABLE FROM OPERATING FLOOR BY: VSM,Feasibility,9
REVISION TABLE NOT UPDATED: ADD REV B DESCRIPTION 'INCORPORATED CLIENT COMMENTS' -BEK,Revision,7
MATERIAL GRADE MISMATCH: STRUCTURAL PLATES SHOW ASTM A36 INSTEAD OF HIGH-STRENGTH A992,Material,10
Codal compliance issue: aisle clearance width below NFPA minimum 36 inches By: BreKol,Standards,4
NOTE CALLOUT ON SHEET 1 CONTRADICTS NOTE 6 ON COMPANION DRAWING M-70086-01-004,Notes,11
Engineer and checker approval signatures and dates missing in sign-off block -BEK,Documentation,6
Check weld symbol pitch and staggered spacing on stiffener plate By: VSM,Technical,0
Multiple revisions mixed on sheet: clear Rev 1 clouds and keep only Rev 2 changes -JDM,Revision,7
COSMETIC CLEANUP: REMOVE STRAY CAD DOTS AND UNREFERENCED TEXT FRAGMENTS,Cosmetic,3
Tubing material callout incorrect: specify seamless 316SS instrument tubing,Material,10
Standard electrical grounding symbol missing at transformer neutral connection By: VSM,Standards,4
Incorrect material specified: line requires SS316L instead of carbon steel for corrosive service -UCC,Material,10
MACHINING SYMBOL MISSING ON FLANGE MATING FACE SURFACE FINISH REQUIREMENT -JJD,Technical,0
Inconsistent capitalization in equipment callouts: use all uppercase -JDM,Cosmetic,3
Reinforcing bar rebar grade must be ASTM A615 Grade 60 per structural spec -JCM,Material,10
Coordinate instrument air supply line routing with control valve manifold By: BreKol,Coordination,5
"Provide missing coordinate dimensions X, Y, Z for pipe support shoe SUP-12",Dimension,2
Font size too small on valve tag callouts: increase to standard 2.5mm -RJY,Cosmetic,3
Revision symbol delta-2 missing near relocated drain valve,Revision,7
Spelling mistake in coating spec note: 'galvanise' should be 'galvanized',Cosmetic,3
STRUCTURAL STEEL MEMBER DESIGNATION FORMAT VIOLATES AISC STANDARD NAMING -JJD,Standards,4
Typo in note 7: 'feedeer' corrected to 'feeder' -BEK,Cosmetic,3
Material grade mismatch: structural plates show ASTM A36 instead of high-strength A992 -JCM,Material,10
INCORRECT MANUFACTURER NAME LISTED IN BILL OF MATERIALS FOR MOTOR STARTER UNIT BY: VSM,BOM,12
Text justification misaligned in equipment table column -JJD,Cosmetic,3
General note 2 references obsolete specification document 01-SPEC-1998: update to Rev 2026 -BEK,Notes,11
Pump maintenance feasibility: motor cannot be removed without dismantling overhead piping,Feasibility,9
Design calculation inconsistency: heat loss calculation requires 50mm insulation not 25mm -BEK,Calculation,8
Sheet number indicates sheet 2 of 4 but total drawing set has 5 sheets By: VSM,Documentation,6
Material specification required for cable tray: hot-dip galvanized steel vs aluminum -BEK,Material,10
DIMENSION CALLOUT FROM SURVEY MONUMENT DATUM IS MISSING ON PLOT PLAN -MWR,Dimension,2
Text callout rotated at odd angle: align horizontally for readability,Cosmetic,3
Wrong view orientation: detail shows left elevation instead of right elevation,Drafting,1
FLANGE MATERIAL MUST MATCH PIPE MATERIAL SPECIFICATION ASTM A105 FOR CS LINES BY: VSM,Material,10
Pump head calculation mismatch between data sheet and process flow diagram -UCC,Calculation,8
Missing revision cloud on bill of materials row 4 modified quantity,Revision,7
PROJECT CODE AND CAD DRAWING FILE NAME MISSING FROM TITLE BLOCK MARGIN -JDM,Documentation,6
Field weld accessibility: joint located inside enclosed box beam cannot be inspected,Feasibility,9
CHECK PIPE SPOOL CUT LENGTH DIMENSION: ACCOUNT FOR GASKET THICKNESS,Dimension,2
Leader line crossing dimension string: reroute leader to detail bubble,Drafting,1
Constructability issue: anchor bolt template cannot be installed due to rebar congestion -JCM,Feasibility,9
Relief valve sizing calculation sheet indicates orifice area 0.50 sq in but drawing shows 0.38,Calculation,8
Piping and structural clash: pipe flange hits bottom flange of W12 beam -UCC,Coordination,5
Update note 8: specify paint and protective coating system per client specification -UCC,Notes,11
Structural truss member buckling calculation does not verify unbraced length -JCM,Calculation,8
Incorrect distance between anchor bolt centers on foundation template -MWR,Dimension,2
Spelling mistake in coating spec note: 'galvanise' should be 'galvanized' By: BreKol,Cosmetic,3
Non-standard abbreviation used: replace 'VLV' with standard abbreviation per project code,Standards,4
LINE OVERLAP OBSERVED BETWEEN DIMENSION EXTENSION LINE AND CENTERLINE ON GRID F-6 BY: BREKOL,Drafting,1
Foundation pile load capacity inconsistent with geotechnical soil report calculation -JJD,Calculation,8
WRONG VALVE BODY MATERIAL: SPECIFY 316L STAINLESS STEEL FOR ACID INJECTION LINE BY: VSM,Material,10
FLANGE BOLTING ACCESSIBILITY: CLEARANCE BETWEEN FLANGE AND VESSEL WALL TOO TIGHT FOR TORQUE WRENCH,Feasibility,9
Check weld symbol pitch and staggered spacing on stiffener plate -JJD,Technical,0
Design calculation inconsistency: vessel wall thickness calculation requires 12mm not 10mm,Calculation,8
Isometric drawing view orientation misaligned with plan coordinates -BEK,Drafting,1
Text overlapping dimension leader arrow: adjust text box position,Cosmetic,3
COORDINATE INSTRUMENT AIR SUPPLY LINE ROUTING WITH CONTROL VALVE MANIFOLD -JCM,Coordination,5
FONT THICKNESS TOO HEAVY MAKING SMALL NUMERICAL TAGS ILLEGIBLE,Cosmetic,3
Grout material callout must specify non-shrink cementitious grout per project standard,Material,10
BOM description incorrect: item 7 description says gate valve but graphic shows globe valve,BOM,12
Revision history block missing date and initial for Revision C,Revision,7
Calculation error: thermal expansion stress exceeds allowable code stress on line 174005-S12-04-P08 -UCC,Calculation,8
INCOMPLETE DOCUMENTATION: MISSING REFERENCE STANDARD SPECIFICATION DOCUMENT NUMBER BY: VSM,Documentation,6
Welding symbol not compliant with AWS A2.4 standard notation,Standards,4
Missing revision cloud on bill of materials row 4 modified quantity -BEK,Revision,7
Revision note missing: reference ECN-4081 in revision description column -BEK,Revision,7
Font thickness too heavy making small numerical tags illegible -MWR,Cosmetic,3
TYPO ERROR: 'TEMPARATURE' SPELLED INCORRECTLY IN INSTRUMENT SCHEDULE,Cosmetic,3
BOM item table missing unit weight and total weight column entries,BOM,12
Discrepancy between BOM item count and callout bubble count on assembly view,BOM,12
PIPE SCHEDULE STANDARD CALLOUT NON-COMPLIANT WITH ASME B36.10M,Standards,4
REVISION TABLE ROW ENTRY MISSING REVIEWER INITIALS AND APPROVAL DATE,Revision,7
Coordinate with mechanical: equipment nozzle loads exceed allowable piping interface limits,Coordination,5
Flow rate calculation discrepancy between PFD heat & material balance and line schedule By: BreKol,Calculation,8
Update BOM item descriptions to match standard SAP catalog naming conventions,BOM,12
ADD MANDATORY SAFETY NOTE: 'DO NOT ENERGIZE EQUIPMENT PRIOR TO INTERLOCK VALIDATION',Notes,11
PROJECT WORK ORDER NUMBER MISSING IN DOCUMENT CONTROL BLOCK,Documentation,6
Missing break line symbol on truncated pipe spool run,Drafting,1
LINE WEIGHT FOR PIPING HEADER TOO THIN: DISTINGUISH FROM BACKGROUND GRID LINES,Drafting,1
Clash between gravity drain line slope and underground electrical duct bank -UCC,Coordination,5
Revision cloud overlaps drawing title block: reposition cloud boundary,Revision,7
Pump maintenance feasibility: motor cannot be removed without dismantling overhead piping -BEK,Feasibility,9
Text overlapping dimension leader arrow: adjust text box position -MWR,Cosmetic,3
Add environmental note regarding secondary containment dike drainage valve operation,Notes,11
LINE OVERLAP OBSERVED BETWEEN DIMENSION EXTENSION LINE AND CENTERLINE ON GRID F-6,Drafting,1
FONT STYLE INCONSISTENT: USE STANDARD ROMANS FONT THROUGHOUT SHEET,Cosmetic,3
ENGINEER AND CHECKER APPROVAL SIGNATURES AND DATES MISSING IN SIGN-OFF BLOCK,Documentation,6
INCORRECT MATERIAL: 304SS SPECIFIED WHERE 316L REQUIRED FOR CHLORIDE STRESS CORROSION,Material,10
"INCORRECT ELEVATION CALLOUT: TOC SHOWS 345'-11 3/4"" BUT SECTION SHOWS 345'-11 3/4"" -JJD",Dimension,2
GENERAL NOTE REGARDING FIELD TOUCH-UP PAINT MISSING FROM STRUCTURAL DRAWING -RJY,Notes,11
SYSTEM CLASH: CABLE LADDER OBSTRUCTS ACCESS TO EMERGENCY SHOWER STATION -JCM,Coordination,5
REVISION ISSUE STATUS CHANGED FROM IFD TO IFC BUT REVISION TABLE NOT UPDATED -JCM,Revision,7
GENERAL NOTES PAGE SAYS SCAN SURVEY DATE 06/19/25: PLEASE CLARIFY SURVEY REFERENCE NOTE -MWR,Notes,11
Wrong weld callout: replace fillet weld with full penetration CJP groove weld on moment connection,Technical,0
SAFETY SHOWER SYMBOL ORIENTATION VIOLATES ANSI Z358.1 SPECIFICATION,Standards,4
Engineer and checker approval signatures and dates missing in sign-off block,Documentation,6
Structural truss member buckling calculation does not verify unbraced length,Calculation,8
Centerline missing on symmetric equipment foundation pad detail -JJD,Drafting,1
Material callout for baseplate shows mild steel: revise to ASTM A572 Gr 50 -UCC,Material,10
TITLE BLOCK INCOMPLETE: PROJECT NUMBER AND DRAWING REVISION LETTER MISSING,Documentation,6
CHECK WELD SYMBOL PITCH AND STAGGERED SPACING ON STIFFENER PLATE -RJY,Technical,0
Clash with piping: 6 inch CS line conflicts with electrical cable tray at grid D-2,Coordination,5
Client logo and project title missing from cover sheet title block -UCC,Documentation,6
HAZARDOUS AREA CLASSIFICATION BOUNDARY SYMBOL MISSING PER NFPA 497 STANDARD -MWR,Standards,4
DISCREPANCY IN PIPE DIAMETER CALLOUT: 6 INCH INDICATED ON PLAN BUT 8 INCH ON ELEVATION,Dimension,2
MATERIAL SPECIFICATION REQUIRED FOR CABLE TRAY: HOT-DIP GALVANIZED STEEL VS ALUMINUM -JCM,Material,10
P&ID symbology does not conform to company drafting standard STD-001 -JDM,Standards,4
Typo error in title block: 'ENGINEERINGG' misspelled with double G,Cosmetic,3
Missing client drawing reference number in master title block,Documentation,6
CHECK WELD SYMBOL PITCH AND STAGGERED SPACING ON STIFFENER PLATE,Technical,0
Text justification misaligned in equipment table column,Cosmetic,3
Wrong weld callout: replace fillet weld with full penetration CJP groove weld on moment connection,Technical,0
REVISION HISTORY BLOCK MISSING DATE AND INITIAL FOR REVISION C,Revision,7
Font style inconsistent: use standard Romans font throughout sheet By: BreKol,Cosmetic,3
System clash: cable ladder obstructs access to emergency shower station,Coordination,5
ERECTION FEASIBILITY: PROVIDE TEMPORARY LIFTING LUGS FOR MODULAR FRAME TRANSPORT -JJD,Feasibility,9
Engineer and checker approval signatures and dates missing in sign-off block,Documentation,6
INCORRECT O-RING ELASTOMER MATERIAL: SPECIFY VITON FOR HYDROCARBON SERVICE -JCM,Material,10
Structural beam material callout missing ASTM specification standard on drawing,Material,10
General note 7 missing requirement for non-destructive examination NDT of critical welds,Notes,11
BOM table column for material grade is blank for items 3 through 8 -JCM,BOM,12
Revision note missing: reference ECN-4081 in revision description column,Revision,7
Note discrepancy: note states galvanize all steel but detail indicates painted finish,Notes,11
MTO DISCREPANCY: STRUCTURAL FRAMING SCHEDULE OMITTED W10X49 BEAM MATERIAL TAKE-OFF,BOM,12
INTERFERENCE BETWEEN CRANE HOOK TRAVEL ENVELOPE AND LIGHTING FIXTURE LAYOUT -UCC,Coordination,5
Safety relief valve symbol does not comply with API 526 standard representation,Standards,4
Coordinate instrument air supply line routing with control valve manifold By: BreKol,Coordination,5
"PROVIDE MISSING COORDINATE DIMENSIONS X, Y, Z FOR PIPE SUPPORT SHOE PS-101 -JJD",Dimension,2
Incorrect pipe schedule 40 specified for design pressure 50 PSI -JDM,Technical,0
MISSING SHEET REFERENCE CALLOUT: 'SEE COMPANION SHEET S-70086-01-101 FOR CONTINUATION',Documentation,6
Relief valve sizing calculation sheet indicates orifice area 0.50 sq in but drawing shows 0.38,Calculation,8
TITLE BLOCK CAD LAYER LOCKED WITH OUTDATED CONTRACTOR COMPANY NAME,Documentation,6
Title block scale box shows 'NTS' but drawing is plotted to scale 1:50,Documentation,6
"Incorrect drawing scale: indicated scale 1/2"" = 1'-0"" does not match graphic bar scale",Drafting,1
Design calculation inconsistency: heat loss calculation requires 50mm insulation not 25mm -BEK,Calculation,8
FIELD WELD ACCESSIBILITY: JOINT LOCATED INSIDE ENCLOSED BOX BEAM CANNOT BE INSPECTED,Feasibility,9
Drawing release status still marked 'DRAFT': update to 'APPROVED FOR CONSTRUCTION' -UCC,Documentation,6
Clash detected in 3D model between fire protection sprinkler header and structural brace,Coordination,5
General note 7 missing requirement for non-destructive examination NDT of critical welds,Notes,11
CHECK EQUIPMENT NOZZLE LOAD CONNECTION DETAILS ON TK-401 INLET FLANGE BY: BREKOL,Technical,0
Drawing status stamp missing: stamp 'ISSUED FOR CONSTRUCTION' before release By: VSM,Documentation,6
Emergency exit signage symbol not per ISO 7010 safety sign standard -MWR,Standards,4
Update piping notes to include minimum slope requirement on condensate headers -UCC,Notes,11
Typo in general note: 'valvue' should read 'valve',Cosmetic,3
Title block scale box shows 'NTS' but drawing is plotted to scale 1:50 By: VSM,Documentation,6
Erection sequence conflict: beam cannot be installed after vessel is set on foundation -JCM,Feasibility,9
MATERIAL TAKE-OFF MTO LINE ITEM MISSING FOR PIPE REDUCER ON LINE 12-CW-305-CS -MWR,BOM,12
Missing stiffener plate connection at high stress beam junction,Technical,0
Sheet number indicates sheet 2 of 4 but total drawing set has 5 sheets -UCC,Documentation,6
Transformer sizing calculation does not account for continuous motor starting kVA,Calculation,8
Inter-discipline clash: pipe support bracket interferes with instrument junction box JB-204 -JJD,Coordination,5
ADD GENERAL NOTE SPECIFYING CONCRETE MINIMUM 28-DAY COMPRESSIVE STRENGTH 4000 PSI -JCM,Notes,11
Incorrect part number in BOM item 5: catalog number does not match manufacturer spec -JCM,BOM,12
Typo error: 'temparature' spelled incorrectly in instrument schedule,Cosmetic,3
Incorrect symbol used for check valve: per ISA-5.1 standard replace with standard symbol -RJY,Standards,4
Hydraulic gradient calculation discrepancy on gravity sewer line slope By: VSM,Calculation,8
GEOMETRIC TOLERANCING GD&T FRAME SYMBOL MISSING DATUM REFERENCE PER ASME Y14.5 -JDM,Standards,4
Reinforcing bar rebar grade must be ASTM A615 Grade 60 per structural spec By: BreKol,Material,10
DRAFTING VIEW MISMATCH: ISOMETRIC VIEW SHOWS VALVE THAT IS OMITTED ON PLAN VIEW,Drafting,1
"Provide missing coordinate dimensions X, Y, Z for pipe support shoe SH-08",Dimension,2
MAINTENANCE FEASIBILITY: FILTER BASKET CANNOT BE REMOVED WITHOUT DISCONNECTING PIPING,Feasibility,9
TYPO IN GENERAL NOTE: 'VALVUE' SHOULD READ 'VALVE' BY: VSM,Cosmetic,3
Clash with civil/structural: HVAC duct penetrates structural moment frame beam -UCC,Coordination,5
FIELD ASSEMBLY FEASIBILITY: PROVIDE BOLTED SPLICE INSTEAD OF FIELD FULL-PENETRATION WELD,Feasibility,9
Welding symbol not compliant with AWS A2.4 standard notation,Standards,4
Dimension string does not close: 1200 mm discrepancy at wall interface,Dimension,2
Erection feasibility: provide temporary lifting lugs for modular frame transport,Feasibility,9
Coordinate with mechanical: equipment nozzle loads exceed allowable piping interface limits -MWR,Coordination,5
Project code and CAD drawing file name missing from title block margin -UCC,Documentation,6
Part number in bill of materials table does not match vendor certified cut sheet -JJD,BOM,12
Add mandatory safety note: 'Do not energize equipment prior to interlock validation' -JJD,Notes,11
Inter-discipline interference: structural diagonal bracing blocks instrument transmitter display,Coordination,5
General note 2 references obsolete specification document 01-SPEC-1998: update to Rev 2026 By: VSM,Notes,11
FABRICATION FEASIBILITY: TIGHT PIPE SPOOL GEOMETRY CANNOT BE HOT-DIP GALVANIZED WITHOUT POOLING,Feasibility,9
Material specification discrepancy between piping line list and isometric drawing -BEK,Material,10
Missing connection detail at column C12 and beam W14x48 intersection,Technical,0
Flow rate calculation discrepancy between PFD heat & material balance and line schedule -JDM,Calculation,8
Tubing material callout incorrect: specify seamless 316SS instrument tubing,Material,10
Spelling mistake in coating spec note: 'galvanise' should be 'galvanized' -UCC,Cosmetic,3
ADD ENVIRONMENTAL NOTE REGARDING SECONDARY CONTAINMENT DIKE DRAINAGE VALVE OPERATION -JJD,Notes,11
Multiple revisions mixed on sheet: clear Rev 1 clouds and keep only Rev 2 changes -BEK,Revision,7
TITLE BLOCK SCALE BOX SHOWS 'NTS' BUT DRAWING IS PLOTTED TO SCALE 1:50 BY: BREKOL,Documentation,6
Material callout for baseplate shows mild steel: revise to ASTM A572 Gr 50,Material,10
BOM quantity mismatch: drawing shows 4 support brackets but BOM lists quantity 2 -UCC,BOM,12
Note 5 wording unclear: revise to state clearly 'All dimensions are in millimeters unless noted' -JJD,Notes,11
Missing stiffener plate connection at high stress beam junction -MWR,Technical,0
Add environmental note regarding secondary containment dike drainage valve operation -MWR,Notes,11
LEADER LINE CROSSING DIMENSION STRING: REROUTE LEADER TO DETAIL BUBBLE,Drafting,1
Pipe insulation material specification missing on high temperature steam line -BEK,Material,10
Note 5 wording unclear: revise to state clearly 'All dimensions are in millimeters unless noted',Notes,11
ASME code stamp requirement symbol missing from pressure vessel nameplate callout,Standards,4
Spelling error: 'pressur' missing 'e' in pipe line description -JDM,Cosmetic,3
Design calculation inconsistency: vessel wall thickness calculation requires 12mm not 10mm,Calculation,8
Update piping notes to include minimum slope requirement on condensate headers -MWR,Notes,11
REVISION ISSUE STATUS CHANGED FROM IFD TO IFC BUT REVISION TABLE NOT UPDATED -JCM,Revision,7
Safety relief valve symbol does not comply with API 526 standard representation,Standards,4
ADD GENERAL NOTE SPECIFYING CONCRETE MINIMUM 28-DAY COMPRESSIVE STRENGTH 4000 PSI,Notes,11
INCORRECT NOZZLE FLANGE CONNECTION RATING 150# ON VESSEL E-301,Technical,0
SPELLING MISTAKE IN COATING SPEC NOTE: 'GALVANISE' SHOULD BE 'GALVANIZED' -JJD,Cosmetic,3
ERECTION FEASIBILITY ISSUE: COLUMN SPLICE LOCATION INACCESSIBLE FOR MOBILE CRANE HOOK,Feasibility,9
Coordinate instrument air supply line routing with control valve manifold -BEK,Coordination,5
Client logo and project title missing from cover sheet title block,Documentation,6
Missing vertical clearance dimension below overhead monorail beam,Dimension,2
Non-standard abbreviation used: replace 'VLV' with standard abbreviation per project code By: VSM,Standards,4
CLASH WITH ELECTRICAL: CONDUIT BANK ROUTES DIRECTLY THROUGH VALVE OPERATING ENVELOPE -MWR,Coordination,5
Revision description vague: replace 'Revisions' with detailed change description,Revision,7
DIMENSION STRING DOES NOT CLOSE: 500 MM DISCREPANCY AT WALL INTERFACE,Dimension,2
ASME code stamp requirement symbol missing from pressure vessel nameplate callout -RJY,Standards,4
NON-STANDARD ABBREVIATION USED: REPLACE 'VLV' WITH STANDARD ABBREVIATION PER PROJECT CODE -JJD,Standards,4
BOM QUANTITY MISMATCH: DRAWING SHOWS 4 SUPPORT BRACKETS BUT BOM LISTS QUANTITY 2,BOM,12
Pipe insulation material specification missing on high temperature steam line,Material,10
WRONG VALVE BODY MATERIAL: SPECIFY 316L STAINLESS STEEL FOR ACID INJECTION LINE,Material,10
MATERIAL GRADE INCONSISTENCY: PIPE SCHEDULE SHOWS SS304 BUT FITTINGS SHOW CARBON STEEL,Material,10
Previous revision cloud Rev A must be removed before issuing Rev B,Revision,7
Missing stiffener plate connection at high stress beam junction -BEK,Technical,0
MISSING STIFFENER PLATE CONNECTION AT HIGH STRESS BEAM JUNCTION BY: VSM,Technical,0
Isometric drawing view orientation misaligned with plan coordinates,Drafting,1
CHECK WELD SYMBOL PITCH AND STAGGERED SPACING ON STIFFENER PLATE -JDM,Technical,0
BOM quantity mismatch: drawing shows 4 support brackets but BOM lists quantity 2 -JDM,BOM,12
"INCORRECT ELEVATION CALLOUT: TOC SHOWS 102'-6"" BUT SECTION SHOWS 88'-4 1/2"" BY: BREKOL",Dimension,2
Fabrication feasibility: weld joint between thick plates cannot be reached with welding gun -UCC,Feasibility,9
Flow rate calculation discrepancy between PFD heat & material balance and line schedule -BEK,Calculation,8
Missing client drawing reference number in master title block -MWR,Documentation,6
Structural beam material callout missing ASTM specification standard on drawing -BEK,Material,10
Missing connection detail at column W14x90 and beam W16x57 intersection -UCC,Technical,0
Client logo and project title missing from cover sheet title block -RJY,Documentation,6
Font style inconsistent: use standard Romans font throughout sheet -UCC,Cosmetic,3
HYDRAULIC GRADIENT CALCULATION DISCREPANCY ON GRAVITY SEWER LINE SLOPE,Calculation,8
Codal compliance issue: aisle clearance width below NFPA minimum 36 inches,Standards,4
Incorrect part number in BOM item 21: catalog number does not match manufacturer spec,BOM,12
Geometric tolerancing GD&T frame symbol missing datum reference per ASME Y14.5 -JCM,Standards,4
ISOMETRIC DRAWING VIEW ORIENTATION MISALIGNED WITH PLAN COORDINATES,Drafting,1
Revision cloud incomplete: does not fully enclose modified piping spool,Revision,7
Incorrect nozzle flange connection rating 900# on vessel C-100,Technical,0
DISCREPANCY IN PIPE DIAMETER CALLOUT: 6 INCH INDICATED ON PLAN BUT 8 INCH ON ELEVATION BY: BREKOL,Dimension,2
TYPO ERROR: 'TEMPARATURE' SPELLED INCORRECTLY IN INSTRUMENT SCHEDULE -BEK,Cosmetic,3
BOM description incorrect: item 7 description says gate valve but graphic shows globe valve -JJD,BOM,12
BOM QUANTITY MISMATCH: DRAWING SHOWS 4 SUPPORT BRACKETS BUT BOM LISTS QUANTITY 2 -JCM,BOM,12
Coordinate with mechanical: equipment nozzle loads exceed allowable piping interface limits -JDM,Coordination,5
Wrong view orientation: detail shows left elevation instead of right elevation,Drafting,1
Discrepancy between BOM item count and callout bubble count on assembly view -JCM,BOM,12
"INCORRECT DIMENSION: OVERALL LENGTH SHOWS 45'-0"" BUT SUM OF SEGMENT CALLOUTS IS 500 MM -UCC",Dimension,2
Wrong gasket material: graphite filled spiral wound required for steam service,Material,10
Missing vertical clearance dimension below overhead monorail beam -MWR,Dimension,2
Inter-discipline clash: pipe support bracket interferes with instrument junction box JB-E12 -RJY,Coordination,5
P&ID symbology does not conform to company drafting standard STD-001,Standards,4
Design calculation inconsistency: heat loss calculation requires 50mm insulation not 25mm,Calculation,8
Font height inconsistent between sheet title and drawing subtitle,Cosmetic,3
Pump maintenance feasibility: motor cannot be removed without dismantling overhead piping,Feasibility,9
Missing vertical clearance dimension below overhead monorail beam,Dimension,2
Relief valve sizing calculation sheet indicates orifice area 0.50 sq in but drawing shows 0.38,Calculation,8
COORDINATE TIE-IN POINT TP-790 LOCATION BETWEEN PIPING AND BATTERY LIMIT PACKAGE -MWR,Coordination,5
Document distribution stamp incomplete: missing transmittal number -UCC,Documentation,6
BOM DESCRIPTION INCORRECT: ITEM 7 DESCRIPTION SAYS GATE VALVE BUT GRAPHIC SHOWS GLOBE VALVE,BOM,12
Revision symbol delta-2 missing near relocated drain valve By: BreKol,Revision,7
LINE OVERLAP OBSERVED BETWEEN DIMENSION EXTENSION LINE AND CENTERLINE ON GRID G-7 -BEK,Drafting,1
Drafting error: dimension line cuts through equipment outline -JCM,Drafting,1
Codal issue: stair handrail height 500 mm does not meet OSHA/IBC standard minimum 42 inches By: BreKol,Standards,4
PIPE INSULATION MATERIAL SPECIFICATION MISSING ON HIGH TEMPERATURE STEAM LINE -UCC,Material,10
Missing sheet reference callout: 'See companion sheet M-70086-01-004 for continuation',Documentation,6
"INCORRECT DIMENSION: OVERALL LENGTH SHOWS 150 MM BUT SUM OF SEGMENT CALLOUTS IS 45'-0""",Dimension,2
Drawing index sheet list does not match actual sheets included in package,Documentation,6
Hydraulic gradient calculation discrepancy on gravity sewer line slope -MWR,Calculation,8
Missing match line callout on sheet 1 for continuation on sheet 1,Drafting,1
Machining symbol missing on flange mating face surface finish requirement -JJD,Technical,0
Clash with civil/structural: HVAC duct penetrates structural moment frame beam,Coordination,5
Missing break line symbol on truncated pipe spool run -JJD,Drafting,1
Incorrect pipe schedule STD specified for design pressure 2500 PSI By: VSM,Technical,0
FLANGE BOLTING ACCESSIBILITY: CLEARANCE BETWEEN FLANGE AND VESSEL WALL TOO TIGHT FOR TORQUE WRENCH,Feasibility,9
"Fabrication issue: minimum bend radius on 1/2"" structural plate will cause cracking -JDM",Feasibility,9
Dimension string does not close: 1200 mm discrepancy at wall interface -UCC,Dimension,2
CENTERLINE MISSING ON SYMMETRIC EQUIPMENT FOUNDATION PAD DETAIL,Drafting,1
Overlapping text and leader lines obscuring nozzle callout on T-502 -RJY,Drafting,1
Check equipment nozzle load connection details on HEX-102 inlet flange -JCM,Technical,0
Wrong weld callout: replace fillet weld with all-around fillet weld on moment connection -RJY,Technical,0
Vessel nozzle reinforcement pad area calculation insufficient for external piping moment,Calculation,8
Revision history block missing date and initial for Revision C By: BreKol,Revision,7
Structural beam size W14x90 inconsistent with design calculation sheet CALC-ST-101,Calculation,8
Maintenance feasibility: filter basket cannot be removed without disconnecting piping,Feasibility,9
PART NUMBER IN BILL OF MATERIALS TABLE DOES NOT MATCH VENDOR CERTIFIED CUT SHEET -JDM,BOM,12
Flange bolting accessibility: clearance between flange and vessel wall too tight for torque wrench By: VSM,Feasibility,9
INCOMPLETE DOCUMENTATION: MISSING REFERENCE STANDARD SPECIFICATION DOCUMENT NUMBER,Documentation,6
Anchor bolt material must be hot-dip galvanized ASTM F1554 Grade 55,Material,10
REVISION CLOUD DRAWN WITH WRONG LINE WEIGHT: MUST FOLLOW REVISION STANDARD STYLE -JJD,Revision,7
ECN NO MISSING ON REVISED GUSSET PLATE DETAIL -JJD,Technical,0
INCORRECT O-RING ELASTOMER MATERIAL: SPECIFY VITON FOR HYDROCARBON SERVICE,Material,10
CODAL ISSUE: EGRESS PLATFORM LANDING DIMENSIONS VIOLATE NFPA 101 LIFE SAFETY CODE,Standards,4
Clash with civil/structural: HVAC duct penetrates structural moment frame beam,Coordination,5
NOTE REFERENCE ERROR: DETAIL REFERS TO NOTE 15 BUT NOTES LIST ONLY GOES UP TO NOTE 11 -UCC,Notes,11
Revision history block missing date and initial for Revision C,Revision,7
STANDARD ELECTRICAL GROUNDING SYMBOL MISSING AT TRANSFORMER NEUTRAL CONNECTION -RJY,Standards,4
Weld size undersized: 1/4 inch fillet weld specified but 3/8 inch required for base metal thickness By: BreKol,Technical,0
Dimension string does not close: 500 mm discrepancy at wall interface -MWR,Dimension,2
WRONG WELD SYMBOL: FIELD WELD FLAG INDICATED INSTEAD OF SHOP WELD,Technical,0
Codal issue: egress platform landing dimensions violate NFPA 101 Life Safety Code By: VSM,Standards,4
Isometric drawing view orientation misaligned with plan coordinates,Drafting,1
Drawing index sheet list does not match actual sheets included in package -JJD,Documentation,6
Clash between gravity drain line slope and underground electrical duct bank -BEK,Coordination,5
UPDATE NOTES: ADD NOTE REGARDING POST-WELD HEAT TREATMENT PWHT REQUIREMENT -JCM,Notes,11
TYPO IN NOTE 7: 'FEEDEER' CORRECTED TO 'FEEDER',Cosmetic,3
Flange bolting accessibility: clearance between flange and vessel wall too tight for torque wrench,Feasibility,9
Material specification required for cable tray: hot-dip galvanized steel vs aluminum -JDM,Material,10
INTER-DISCIPLINE CLASH: PIPE SUPPORT BRACKET INTERFERES WITH INSTRUMENT JUNCTION BOX JB-101 -BEK,Coordination,5
Hidden lines showing as solid lines in elevation section view -UCC,Drafting,1
MISSING ITEM TAG NUMBER IN BOM SCHEDULE COLUMN FOR TEMPERATURE TRANSMITTER,BOM,12
Missing moment connection plate weld size callout on detail Section 4 -BEK,Technical,0
Wrong bolt grade specified on structural shear connection: specify A325 instead of standard bolts,Technical,0
Flange bolting accessibility: clearance between flange and vessel wall too tight for torque wrench By: VSM,Feasibility,9
Material specification required for cable tray: hot-dip galvanized steel vs aluminum,Material,10
BOM ITEM TABLE ROW 9 MISSING ASTM MATERIAL SPECIFICATION NUMBER -BEK,BOM,12
General note 7 missing requirement for non-destructive examination NDT of critical welds -RJY,Notes,11
MISSING REFERENCE DRAWING NUMBERS FOR ELECTRICAL TIE-IN IN DOCUMENTATION BLOCK,Documentation,6
Discrepancy in pipe diameter callout: 6 inch indicated on plan but 8 inch on elevation,Dimension,2
BOM quantity mismatch: drawing shows 4 support brackets but BOM lists quantity 2 -JJD,BOM,12
DRAFTING VIEW MISMATCH: ISOMETRIC VIEW SHOWS VALVE THAT IS OMITTED ON PLAN VIEW -RJY,Drafting,1
BOM description incorrect: item 7 description says gate valve but graphic shows globe valve,BOM,12
Piping and structural clash: pipe flange hits bottom flange of W12 beam By: BreKol,Coordination,5
BOM table column for material grade is blank for items 3 through 8 -RJY,BOM,12
Dimension string does not close: 1200 mm discrepancy at wall interface,Dimension,2
DELTA SYMBOL CALLOUT 3 MISSING ON SHEET 2 REVISION HISTORY TABLE,Revision,7
Weld size undersized: 1/4 inch fillet weld specified but 3/8 inch required for base metal thickness -UCC,Technical,0
VALVE OPERATION FEASIBILITY: HAND LEVER HITS STRUCTURAL COLUMN WHEN OPENING VALVE,Feasibility,9
Coordinate tie-in point TP-871 location between piping and battery limit package,Coordination,5
Missing hidden line for underground conduit duct bank on plan view -BEK,Drafting,1
BOM description missing valve actuator model and air supply pressure rating,BOM,12
ECN NUMBER MISSING ON ENGINEERING CHANGE DETAIL FOR FILTER SKID BASE,Technical,0
INCONSISTENT CAPITALIZATION IN EQUIPMENT CALLOUTS: USE ALL UPPERCASE,Cosmetic,3
Font size too small on valve tag callouts: increase to standard 2.5mm By: VSM,Cosmetic,3
Fastener material callout incorrect: specify ASTM A193 Gr. B7 studs with 2H heavy hex nuts -BEK,Material,10
Note discrepancy: note states galvanize all steel but detail indicates painted finish -JJD,Notes,11
Incorrect drawing scale: indicated scale 1:50 does not match graphic bar scale,Drafting,1
Material take-off MTO line item missing for pipe reducer on line 02-IA-010-CS -JCM,BOM,12
Drawing status stamp missing: stamp 'ISSUED FOR CONSTRUCTION' before release,Documentation,6
Incorrect O-ring elastomer material: specify Viton for hydrocarbon service -RJY,Material,10
Update note 8: specify paint and protective coating system per client specification -JJD,Notes,11
Add general note specifying concrete minimum 28-day compressive strength 4000 PSI,Notes,11
"Provide missing coordinate dimensions X, Y, Z for pipe support shoe SH-08 -MWR",Dimension,2
Overall height dimension missing from skid base frame to top of vessel nozzle,Dimension,2
MISSING SHEET REFERENCE CALLOUT: 'SEE COMPANION SHEET M-70086-01-004 FOR CONTINUATION',Documentation,6
Design inconsistency: pressure drop calculation does not match line sizing on P&ID,Calculation,8
Reinforcing bar rebar grade must be ASTM A615 Grade 60 per structural spec,Material,10
Electrical schematic symbols do not follow IEEE / IEC standard convention By: VSM,Standards,4
Dimension callout from survey monument datum is missing on plot plan -JJD,Dimension,2
Spelling mistake in coating spec note: 'galvanise' should be 'galvanized',Cosmetic,3
MISSING MOMENT CONNECTION PLATE WELD SIZE CALLOUT ON DETAIL DETAIL 12,Technical,0
Coordinate with piping department: verify nozzle orientation matches P&ID PID-54718,Coordination,5
MTO discrepancy: structural framing schedule omitted W10x49 beam material take-off -UCC,BOM,12
Valve handwheel location unreachable from operating platform: add chain wheel operator,Feasibility,9
Note 5 wording unclear: revise to state clearly 'All dimensions are in millimeters unless noted' -RJY,Notes,11
Pipe span deflection calculation exceeds L/240 criteria under hydrostatic test load -JJD,Calculation,8
Text justification misaligned in equipment table column,Cosmetic,3
WRONG VIEW ORIENTATION: DETAIL SHOWS LEFT ELEVATION INSTEAD OF RIGHT ELEVATION -UCC,Drafting,1
ANCHOR BOLT MATERIAL MUST BE HOT-DIP GALVANIZED ASTM F1554 GRADE 55,Material,10
Corrosion allowance material buffer omitted in wall thickness specification,Material,10
CALCULATION ERROR: THERMAL EXPANSION STRESS EXCEEDS ALLOWABLE CODE STRESS ON LINE 04-ST-201-SS,Calculation,8
TEXT JUSTIFICATION MISALIGNED IN EQUIPMENT TABLE COLUMN -JDM,Cosmetic,3
Fabrication feasibility: weld joint between thick plates cannot be reached with welding gun -JJD,Feasibility,9
Pump maintenance feasibility: motor cannot be removed without dismantling overhead piping -UCC,Feasibility,9
MATERIAL SPECIFICATION DISCREPANCY BETWEEN PIPING LINE LIST AND ISOMETRIC DRAWING -JJD,Material,10
Note reference error: detail refers to note 15 but notes list only goes up to note 11 -JDM,Notes,11
Delta revision symbol missing on updated elevation callout -BEK,Revision,7
MISSING ITEM TAG NUMBER IN BOM SCHEDULE COLUMN FOR TEMPERATURE TRANSMITTER,BOM,12
Pipe insulation material specification missing on high temperature steam line By: VSM,Material,10
UPDATE BILL OF MATERIALS BOM TO REFLECT LATEST REVISION OF PIPING COMPONENT SCHEDULE -JJD,BOM,12
Overall height dimension missing from skid base frame to top of vessel nozzle,Dimension,2
Add environmental note regarding secondary containment dike drainage valve operation,Notes,11
MATERIAL GRADE INCONSISTENCY: PIPE SCHEDULE SHOWS SS304 BUT FITTINGS SHOW CARBON STEEL -JCM,Material,10
Coordinate electrical power feed routing with underground drainage piping -JJD,Coordination,5
Check pipe spool cut length dimension: account for gasket thickness,Dimension,2
PART NUMBER MISMATCH BETWEEN ASSEMBLY DRAWING AND SUB-ASSEMBLY DETAIL,Technical,0
GASKET MATERIAL SPECIFIED IS INCOMPATIBLE WITH PROCESS FLUID: CHANGE TO PTFE / SPIRAL WOUND,Material,10
COORDINATE TIE-IN POINT TP-714 LOCATION BETWEEN PIPING AND BATTERY LIMIT PACKAGE -MWR,Coordination,5
WELD SIZE UNDERSIZED: 1/4 INCH FILLET WELD SPECIFIED BUT 3/8 INCH REQUIRED FOR BASE METAL THICKNESS -MWR,Technical,0
COORDINATE WITH MECHANICAL: EQUIPMENT NOZZLE LOADS EXCEED ALLOWABLE PIPING INTERFACE LIMITS -UCC,Coordination,5
Spelling error in note 3: 'reciever' should be corrected to 'receiver',Cosmetic,3
LINE OVERLAP OBSERVED BETWEEN DIMENSION EXTENSION LINE AND CENTERLINE ON GRID C-5 -RJY,Drafting,1
Anchor bolt material must be hot-dip galvanized ASTM F1554 Grade 55 By: BreKol,Material,10
Emergency exit signage symbol not per ISO 7010 safety sign standard,Standards,4
CHECK WELD SYMBOL PITCH AND STAGGERED SPACING ON STIFFENER PLATE -MWR,Technical,0
Nozzle projection dimension missing from vessel outer shell -UCC,Dimension,2
Missing radial clearance dimension around valve handwheel -JCM,Dimension,2
INTER-DISCIPLINE CLASH: PIPE SUPPORT BRACKET INTERFERES WITH INSTRUMENT JUNCTION BOX JB-204 -RJY,Coordination,5
Clash between gravity drain line slope and underground electrical duct bank -RJY,Coordination,5
REINFORCING BAR REBAR GRADE MUST BE ASTM A615 GRADE 60 PER STRUCTURAL SPEC,Material,10
Previous revision cloud Rev A must be removed before issuing Rev B By: VSM,Revision,7
WRONG GASKET MATERIAL: GRAPHITE FILLED SPIRAL WOUND REQUIRED FOR STEAM SERVICE -BEK,Material,10
Wrong projection views: Section E-E projection is inverted from plan,Drafting,1
Clash between gravity drain line slope and underground electrical duct bank,Coordination,5
Standard compliance: instrumentation tag format does not follow ISA-5.1 naming rule,Standards,4
Clash between gravity drain line slope and underground electrical duct bank,Coordination,5
Font size too small on valve tag callouts: increase to standard 2.5mm,Cosmetic,3
BOM DESCRIPTION INCORRECT: ITEM 7 DESCRIPTION SAYS GATE VALVE BUT GRAPHIC SHOWS GLOBE VALVE,BOM,12
PIPE HANGER SUPPORT SYMBOL NON-COMPLIANT WITH MSS SP-58 STANDARD -JDM,Standards,4
Add general note specifying concrete minimum 28-day compressive strength 4000 PSI -JDM,Notes,11
Interference between flare header expansion loop and existing pipe rack column,Coordination,5
REVISION SYMBOL DELTA-2 MISSING NEAR RELOCATED DRAIN VALVE -JCM,Revision,7
Flange bolting accessibility: clearance between flange and vessel wall too tight for torque wrench -MWR,Feasibility,9
BOM ITEM TABLE ROW 9 MISSING ASTM MATERIAL SPECIFICATION NUMBER -RJY,BOM,12
BOM ITEM 5 SIZE CALLOUT SHOWS 4 INCH BUT ISOMETRIC DRAWING SHOWS 6 INCH PIPE,BOM,12
Piping and structural clash: pipe flange hits bottom flange of W12 beam By: BreKol,Coordination,5
DRAWING RELEASE STATUS STILL MARKED 'DRAFT': UPDATE TO 'APPROVED FOR CONSTRUCTION',Documentation,6
Structural steel member designation format violates AISC standard naming,Standards,4
Project work order number missing in document control block,Documentation,6
FLANGE BOLTING ACCESSIBILITY: CLEARANCE BETWEEN FLANGE AND VESSEL WALL TOO TIGHT FOR TORQUE WRENCH,Feasibility,9
INCORRECT O-RING ELASTOMER MATERIAL: SPECIFY VITON FOR HYDROCARBON SERVICE BY: BREKOL,Material,10
Incorrect tolerance specified on hole pattern for P-204A/B baseplate -MWR,Technical,0
BOM item table row 9 missing ASTM material specification number,BOM,12
COORDINATE TIE-IN POINT TP-661 LOCATION BETWEEN PIPING AND BATTERY LIMIT PACKAGE,Coordination,5
Spelling mistake in coating spec note: 'galvanise' should be 'galvanized',Cosmetic,3
"Transport limit: modular unit height 45'-0"" exceeds railway overpass clearance",Feasibility,9
ERECTION FEASIBILITY ISSUE: COLUMN SPLICE LOCATION INACCESSIBLE FOR MOBILE CRANE HOOK,Feasibility,9
Drawing cross-reference index table incomplete on cover sheet -MWR,Documentation,6
BOM part number typo: replace vendor code XYZ-100 with XYZ-200 By: VSM,BOM,12
DRAWING RELEASE STATUS STILL MARKED 'DRAFT': UPDATE TO 'APPROVED FOR CONSTRUCTION',Documentation,6
Tubing material callout incorrect: specify seamless 316SS instrument tubing -JJD,Material,10
Part number wrong on C-100 bracket mounting assembly: shows PL-102-CS instead of PL-102-HDG,Technical,0
"CL EL 345'-11 3/4"" CALLOUT MISSING FOR PIPE CENTERLINE ON ELEVATION VIEW",Dimension,2
"INCORRECT ELEVATION CALLOUT: TOC SHOWS 345'-11 3/4"" BUT SECTION SHOWS 114'-0""",Dimension,2
Incorrect drawing scale: indicated scale 1:100 does not match graphic bar scale,Drafting,1
Missing moment connection plate weld size callout on detail Section 4,Technical,0
Pipe schedule standard callout non-compliant with ASME B36.10M -BEK,Standards,4
FABRICATION FEASIBILITY: TIGHT PIPE SPOOL GEOMETRY CANNOT BE HOT-DIP GALVANIZED WITHOUT POOLING -JCM,Feasibility,9
Add mandatory safety note: 'Do not energize equipment prior to interlock validation',Notes,11
BOM description missing valve actuator model and air supply pressure rating -RJY,BOM,12
TEXT OVERLAPPING WITH DRAWING BORDER AT LOWER RIGHT CORNER,Cosmetic,3
Revision cloud overlaps drawing title block: reposition cloud boundary -RJY,Revision,7
Pump maintenance feasibility: motor cannot be removed without dismantling overhead piping By: BreKol,Feasibility,9
BOM item 5 size callout shows 4 inch but isometric drawing shows 6 inch pipe,BOM,12
DRAWING INDEX SHEET LIST DOES NOT MATCH ACTUAL SHEETS INCLUDED IN PACKAGE,Documentation,6
REVISION SYMBOL DELTA-2 MISSING NEAR RELOCATED DRAIN VALVE -JCM,Revision,7
Material specification discrepancy between piping line list and isometric drawing -MWR,Material,10
Equipment transport feasibility: skid width exceeds maximum roadway shipping clearance,Feasibility,9
Missing moment connection plate weld size callout on detail Detail 12 By: BreKol,Technical,0
Part number wrong on TK-401 bracket mounting assembly: shows FST-882-SS instead of BKT-4081-B -MWR,Technical,0
Calculation error: thermal expansion stress exceeds allowable code stress on line 12-CW-305-CS,Calculation,8
STRUCTURAL BEAM MATERIAL CALLOUT MISSING ASTM SPECIFICATION STANDARD ON DRAWING,Material,10
Font height inconsistent between sheet title and drawing subtitle,Cosmetic,3
Structural steel member designation format violates AISC standard naming -MWR,Standards,4
ERECTION SEQUENCE CONFLICT: BEAM CANNOT BE INSTALLED AFTER VESSEL IS SET ON FOUNDATION BY: BREKOL,Feasibility,9
Multiple revisions mixed on sheet: clear Rev 1 clouds and keep only Rev 2 changes By: VSM,Revision,7
REVISION STATUS IN TITLE BLOCK SAYS REV 1 BUT REVISION TABLE LISTS REV 2 -JJD,Revision,7
"Fabrication issue: minimum bend radius on 1/2"" structural plate will cause cracking -JJD",Feasibility,9
Update BOM item descriptions to match standard SAP catalog naming conventions -JJD,BOM,12
MISSING MATCH LINE CALLOUT ON SHEET 2 FOR CONTINUATION ON SHEET 1,Drafting,1
ARROWHEAD MISSING ON SECTION CUT CALLOUT MARKER -UCC,Drafting,1
MACHINING FINISH SYMBOL RA 3.2 MISSING ON SHAFT SEAL LANDING -JCM,Technical,0
Add mandatory safety note: 'Do not energize equipment prior to interlock validation',Notes,11
Clash detected in 3D model between fire protection sprinkler header and structural brace,Coordination,5
Revise note 1 to reference the latest geotechnical site investigation report By: VSM,Notes,11
Client logo and project title missing from cover sheet title block -BEK,Documentation,6
Typo in note 7: 'feedeer' corrected to 'feeder',Cosmetic,3
Structural steel member designation format violates AISC standard naming -JCM,Standards,4
Incorrect drawing scale: indicated scale 1:50 does not match graphic bar scale -JJD,Drafting,1
Emergency exit signage symbol not per ISO 7010 safety sign standard -RJY,Standards,4
Revision description vague: replace 'Revisions' with detailed change description -JCM,Revision,7
Emergency exit signage symbol not per ISO 7010 safety sign standard,Standards,4
REVISION DESCRIPTION VAGUE: REPLACE 'REVISIONS' WITH DETAILED CHANGE DESCRIPTION -UCC,Revision,7
Delta symbol callout 3 missing on sheet 2 revision history table -JJD,Revision,7
Fabrication feasibility: tight pipe spool geometry cannot be hot-dip galvanized without pooling,Feasibility,9
MANDATORY NOTE MISSING: 'CONTRACTOR SHALL VERIFY ALL TIE-IN DIMENSIONS PRIOR TO FABRICATION',Notes,11
Coordinate with civil lead: concrete pad size insufficient for new pump skid footprint,Coordination,5
Coordinate tie-in point TP-588 location between piping and battery limit package By: VSM,Coordination,5
Title block scale box shows 'NTS' but drawing is plotted to scale 1:50 By: VSM,Documentation,6
Maintenance accessibility: insufficient clearance to pull heat exchanger tube bundle,Feasibility,9
MAINTENANCE FEASIBILITY: FILTER BASKET CANNOT BE REMOVED WITHOUT DISCONNECTING PIPING,Feasibility,9
Anchor bolt material must be hot-dip galvanized ASTM F1554 Grade 55 By: BreKol,Material,10
STRUCTURAL BEAM SIZE W14X90 INCONSISTENT WITH DESIGN CALCULATION SHEET CALC-ST-101 BY: BREKOL,Calculation,8
Design inconsistency: pressure drop calculation does not match line sizing on P&ID -MWR,Calculation,8
REVISION CLOUD OVERLAPS DRAWING TITLE BLOCK: REPOSITION CLOUD BOUNDARY -UCC,Revision,7
COSMETIC CLEANUP: REMOVE STRAY CAD DOTS AND UNREFERENCED TEXT FRAGMENTS,Cosmetic,3
Incorrect tolerance specified on hole pattern for C-100 baseplate -JCM,Technical,0
BOM description missing valve actuator model and air supply pressure rating,BOM,12
Text overlapping dimension leader arrow: adjust text box position -UCC,Cosmetic,3
SPELLING MISTAKE IN COATING SPEC NOTE: 'GALVANISE' SHOULD BE 'GALVANIZED' BY: VSM,Cosmetic,3
Erection feasibility: provide temporary lifting lugs for modular frame transport,Feasibility,9
Anchor bolt projection dimension from top of grout missing,Dimension,2
Piping and structural clash: pipe flange hits bottom flange of W12 beam,Coordination,5
MATERIAL SPECIFICATION DISCREPANCY BETWEEN PIPING LINE LIST AND ISOMETRIC DRAWING,Material,10
Inconsistent capitalization in equipment callouts: use all uppercase,Cosmetic,3
BOM quantity mismatch: drawing shows 4 support brackets but BOM lists quantity 2 -JDM,BOM,12
Revision block shows Rev 0 date but drawing contains Rev 1 markups,Revision,7
FABRICATION FEASIBILITY: WELD JOINT BETWEEN THICK PLATES CANNOT BE REACHED WITH WELDING GUN -MWR,Feasibility,9
"Fabrication issue: minimum bend radius on 1/2"" structural plate will cause cracking By: BreKol",Feasibility,9
Wrong valve body material: specify 316L stainless steel for acid injection line -MWR,Material,10
Material specification discrepancy between piping line list and isometric drawing -UCC,Material,10
Clash between gravity drain line slope and underground electrical duct bank -JJD,Coordination,5
Missing radius dimension on elbow bend curvature callout -JCM,Dimension,2
CENTER-TO-CENTER DIMENSION BETWEEN NOZZLES N1 AND N2 IS MISSING,Dimension,2
TEXT JUSTIFICATION MISALIGNED IN EQUIPMENT TABLE COLUMN -MWR,Cosmetic,3
Pipe schedule standard callout non-compliant with ASME B36.10M -JDM,Standards,4
TYPO ERROR: 'TEMPARATURE' SPELLED INCORRECTLY IN INSTRUMENT SCHEDULE -JDM,Cosmetic,3
NOTE 5 WORDING UNCLEAR: REVISE TO STATE CLEARLY 'ALL DIMENSIONS ARE IN MILLIMETERS UNLESS NOTED' -JDM,Notes,11
Standard compliance: instrumentation tag format does not follow ISA-5.1 naming rule,Standards,4
REVISION ISSUE STATUS CHANGED FROM IFD TO IFC BUT REVISION TABLE NOT UPDATED,Revision,7
ECN NUMBER MISSING ON ENGINEERING CHANGE DETAIL FOR VALVE MANIFOLD BRACKET -MWR,Technical,0
Revision issue status changed from IFD to IFC but revision table not updated -RJY,Revision,7
General note regarding field touch-up paint missing from structural drawing -BEK,Notes,11
TEXT ALIGNMENT IN GENERAL NOTES SECTION IS JAGGED: ALIGN LEFT MARGINS,Cosmetic,3
Update BOM item descriptions to match standard SAP catalog naming conventions,BOM,12
CLASH WITH CIVIL/STRUCTURAL: HVAC DUCT PENETRATES STRUCTURAL MOMENT FRAME BEAM,Coordination,5
CODAL COMPLIANCE ISSUE: AISLE CLEARANCE WIDTH BELOW NFPA MINIMUM 36 INCHES BY: BREKOL,Standards,4
Missing engineer of record professional seal and signature in title block,Documentation,6
Design calculation inconsistency: heat loss calculation requires 50mm insulation not 25mm,Calculation,8
Typo error in title block: 'ENGINEERINGG' misspelled with double G By: VSM,Cosmetic,3
Revision cloud overlaps drawing title block: reposition cloud boundary By: BreKol,Revision,7
COORDINATE TIE-IN POINT TP-310 LOCATION BETWEEN PIPING AND BATTERY LIMIT PACKAGE -JDM,Coordination,5
BOM part number typo: replace vendor code XYZ-100 with XYZ-200,BOM,12
Flange material must match pipe material specification ASTM A105 for CS lines,Material,10
PART NUMBER IN BILL OF MATERIALS TABLE DOES NOT MATCH VENDOR CERTIFIED CUT SHEET BY: VSM,BOM,12
MISSING ITEM TAG NUMBER IN BOM SCHEDULE COLUMN FOR TEMPERATURE TRANSMITTER,BOM,12
Fabrication feasibility: tight pipe spool geometry cannot be hot-dip galvanized without pooling By: BreKol,Feasibility,9
MULTIPLE REVISIONS MIXED ON SHEET: CLEAR REV 1 CLOUDS AND KEEP ONLY REV 2 CHANGES -JDM,Revision,7
MATERIAL SPECIFICATION DISCREPANCY BETWEEN PIPING LINE LIST AND ISOMETRIC DRAWING BY: BREKOL,Material,10
INCORRECT PART NUMBER IN BOM ITEM 5: CATALOG NUMBER DOES NOT MATCH MANUFACTURER SPEC -JJD,BOM,12
Center-to-center dimension between nozzles N1 and N2 is missing By: BreKol,Dimension,2
MATERIAL SPECIFICATION DISCREPANCY BETWEEN PIPING LINE LIST AND ISOMETRIC DRAWING BY: VSM,Material,10
MISSING CLIENT DRAWING REFERENCE NUMBER IN MASTER TITLE BLOCK,Documentation,6
ECN NUMBER MISSING ON ENGINEERING CHANGE DETAIL FOR REBOILER SADDLE -BEK,Technical,0
SAFETY RELIEF VALVE SYMBOL DOES NOT COMPLY WITH API 526 STANDARD REPRESENTATION BY: VSM,Standards,4
Note reference error: detail refers to note 15 but notes list only goes up to note 11 -JJD,Notes,11
MISSING RADIAL CLEARANCE DIMENSION AROUND VALVE HANDWHEEL -BEK,Dimension,2
MISSING DASHED HIDDEN LINE REPRESENTING EQUIPMENT CLEARANCE ENVELOPE,Drafting,1
TITLE BLOCK INCOMPLETE: PROJECT NUMBER AND DRAWING REVISION LETTER MISSING -JCM,Documentation,6
Revision cloud drawn with wrong line weight: must follow revision standard style By: VSM,Revision,7
Safety shower symbol orientation violates ANSI Z358.1 specification,Standards,4
Pipe schedule standard callout non-compliant with ASME B36.10M,Standards,4
General notes page says scan survey date 06/19/25: please clarify survey reference note -BEK,Notes,11
Document distribution stamp incomplete: missing transmittal number -UCC,Documentation,6
Reinforcing bar rebar grade must be ASTM A615 Grade 60 per structural spec,Material,10
MISSING REVISION TRIANGLE TAG NEXT TO REVISED BEAM SIZE ON FRAMING PLAN -UCC,Revision,7
INCORRECT MANUFACTURER NAME LISTED IN BILL OF MATERIALS FOR MOTOR STARTER UNIT,BOM,12
Structural beam material callout missing ASTM specification standard on drawing,Material,10
Fastener material callout incorrect: specify ASTM A193 Gr. B7 studs with 2H heavy hex nuts,Material,10
Fabrication feasibility: weld joint between thick plates cannot be reached with welding gun,Feasibility,9
FONT SIZE TOO SMALL ON VALVE TAG CALLOUTS: INCREASE TO STANDARD 2.5MM,Cosmetic,3
VERIFY STRUCTURAL CONNECTION CAPACITY: SHEAR TAB BOLT COUNT INSUFFICIENT,Technical,0
Title block CAD layer locked with outdated contractor company name,Documentation,6
Material specification required for cable tray: hot-dip galvanized steel vs aluminum -RJY,Material,10
Vessel nozzle reinforcement pad area calculation insufficient for external piping moment,Calculation,8
Fabrication feasibility: weld joint between thick plates cannot be reached with welding gun -JDM,Feasibility,9
Wrong view orientation: detail shows left elevation instead of right elevation,Drafting,1
PROJECT WORK ORDER NUMBER MISSING IN DOCUMENT CONTROL BLOCK,Documentation,6
Missing radius dimension on elbow bend curvature callout -MWR,Dimension,2
Revision status in title block says Rev 1 but revision table lists Rev 2 -RJY,Revision,7
"PROVIDE MISSING COORDINATE DIMENSIONS X, Y, Z FOR PIPE SUPPORT SHOE PS-101 -BEK",Dimension,2
"Tolerance callout +/- 1/16"" missing on overall skid length dimension",Dimension,2
Revision cloud missing around modified nozzle connection at grid E-4,Revision,7
Structural beam size W14x90 inconsistent with design calculation sheet CALC-ST-101 -MWR,Calculation,8
Revision triangle tag on plan view does not match revision table entry,Revision,7
Incorrect tolerance specified on hole pattern for P-204A/B baseplate -JJD,Technical,0
PART NUMBER MISMATCH BETWEEN ASSEMBLY DRAWING AND SUB-ASSEMBLY DETAIL BY: VSM,Technical,0
Vessel nozzle reinforcement pad area calculation insufficient for external piping moment -RJY,Calculation,8
Pump head calculation mismatch between data sheet and process flow diagram,Calculation,8
DELTA SYMBOL CALLOUT 3 MISSING ON SHEET 2 REVISION HISTORY TABLE,Revision,7
Revision cloud incomplete: does not fully enclose modified piping spool,Revision,7
Drawing release status still marked 'DRAFT': update to 'APPROVED FOR CONSTRUCTION' -UCC,Documentation,6
Verify structural connection capacity: shear tab bolt count insufficient,Technical,0
DIMENSION STRING DOES NOT CLOSE: 3450 MM DISCREPANCY AT WALL INTERFACE -JJD,Dimension,2
MISSING DIMENSION FROM COLUMN GRID D-2 TO PUMP CENTERLINE -RJY,Dimension,2
Codal issue: stair handrail height 3450 mm does not meet OSHA/IBC standard minimum 42 inches By: BreKol,Standards,4
Incorrect symbol used for check valve: per ISA-5.1 standard replace with standard symbol By: VSM,Standards,4
Missing connection detail at column B-08 and beam W12x26 intersection,Technical,0
Incorrect pipe schedule 160 specified for design pressure 2500 PSI -UCC,Technical,0
Structural steel member designation format violates AISC standard naming -JCM,Standards,4
Incorrect pipe schedule XXS specified for design pressure 1200 PSI -JDM,Technical,0
Revision table row entry missing reviewer initials and approval date -UCC,Revision,7
MISSING ENGINEER OF RECORD PROFESSIONAL SEAL AND SIGNATURE IN TITLE BLOCK -RJY,Documentation,6
Add general note specifying concrete minimum 28-day compressive strength 4000 PSI -JDM,Notes,11
ADD ENVIRONMENTAL NOTE REGARDING SECONDARY CONTAINMENT DIKE DRAINAGE VALVE OPERATION BY: BREKOL,Notes,11
Bill of materials quantity error: 16 bolts required per flange pair but BOM lists 8,BOM,12
MISSING CONNECTION DETAIL AT COLUMN HSS 8X8X1/2 AND BEAM C10X20 INTERSECTION,Technical,0
Pipe insulation material specification missing on high temperature steam line,Material,10
CALCULATION ERROR: THERMAL EXPANSION STRESS EXCEEDS ALLOWABLE CODE STRESS ON LINE 174005-S12-04-P08,Calculation,8
Coordinate with piping department: verify nozzle orientation matches P&ID M-015,Coordination,5
Pipe hanger support symbol non-compliant with MSS SP-58 standard,Standards,4
Erection clearance: overhead crane hook cannot reach pump for maintenance removal -MWR,Feasibility,9
Incorrect nozzle flange connection rating 1500# on vessel V-101,Technical,0
MISSING REFERENCE DRAWING NUMBERS FOR ELECTRICAL TIE-IN IN DOCUMENTATION BLOCK -RJY,Documentation,6
DESIGN CALCULATION INCONSISTENCY: HEAT LOSS CALCULATION REQUIRES 50MM INSULATION NOT 25MM -MWR,Calculation,8
Typo error in title block: 'ENGINEERINGG' misspelled with double G -RJY,Cosmetic,3
CORROSION ALLOWANCE MATERIAL BUFFER OMITTED IN WALL THICKNESS SPECIFICATION -JDM,Material,10
Revision block shows Rev 0 date but drawing contains Rev 1 markups -JDM,Revision,7
DISCREPANCY BETWEEN BOM ITEM COUNT AND CALLOUT BUBBLE COUNT ON ASSEMBLY VIEW,BOM,12
Spelling error in note 3: 'reciever' should be corrected to 'receiver' -MWR,Cosmetic,3
Structural beam size W14x90 inconsistent with design calculation sheet CALC-ST-101 By: VSM,Calculation,8
Wrong weld symbol: field weld flag indicated instead of shop weld,Technical,0
Emergency exit signage symbol not per ISO 7010 safety sign standard -JCM,Standards,4
CODAL COMPLIANCE ISSUE: AISLE CLEARANCE WIDTH BELOW NFPA MINIMUM 36 INCHES -UCC,Standards,4
CLASH DETECTED IN 3D MODEL BETWEEN FIRE PROTECTION SPRINKLER HEADER AND STRUCTURAL BRACE,Coordination,5
MISSING RADIAL CLEARANCE DIMENSION AROUND VALVE HANDWHEEL,Dimension,2
Inter-discipline clash: pipe support bracket interferes with instrument junction box JB-E12,Coordination,5
Pump head calculation mismatch between data sheet and process flow diagram -JCM,Calculation,8
INCORRECT DISTANCE BETWEEN ANCHOR BOLT CENTERS ON FOUNDATION TEMPLATE -JCM,Dimension,2
DISCREPANCY IN PIPE DIAMETER CALLOUT: 6 INCH INDICATED ON PLAN BUT 8 INCH ON ELEVATION,Dimension,2
Dimension callout from survey monument datum is missing on plot plan -BEK,Dimension,2
Update piping notes to include minimum slope requirement on condensate headers -UCC,Notes,11
Wrong bolt grade specified on structural shear connection: specify A325 instead of standard bolts -JCM,Technical,0
Missing stiffener plate connection at high stress beam junction -JDM,Technical,0
Missing dimension from column grid B-3 to pump centerline By: VSM,Dimension,2
FABRICATION FEASIBILITY: TIGHT PIPE SPOOL GEOMETRY CANNOT BE HOT-DIP GALVANIZED WITHOUT POOLING -MWR,Feasibility,9
Update piping notes to include minimum slope requirement on condensate headers,Notes,11
Relief valve sizing calculation sheet indicates orifice area 0.50 sq in but drawing shows 0.38 -BEK,Calculation,8
Erection feasibility issue: column splice location inaccessible for mobile crane hook,Feasibility,9
Incorrect drawing scale: indicated scale 1:50 does not match graphic bar scale,Drafting,1
Missing revision triangle tag next to revised beam size on framing plan,Revision,7
Structural truss member buckling calculation does not verify unbraced length,Calculation,8
Calculation error: thermal expansion stress exceeds allowable code stress on line 174005-S12-04-P08 -RJY,Calculation,8
Seismic anchor load calculation inconsistent with baseplate anchor embedment depth By: BreKol,Calculation,8
Line weight for piping header too thin: distinguish from background grid lines By: BreKol,Drafting,1
Revision cloud overlaps drawing title block: reposition cloud boundary By: VSM,Revision,7
Flange bolting accessibility: clearance between flange and vessel wall too tight for torque wrench,Feasibility,9
Incorrect material: 304SS specified where 316L required for chloride stress corrosion -JJD,Material,10
MTO discrepancy: structural framing schedule omitted W10x49 beam material take-off,BOM,12
Field assembly feasibility: provide bolted splice instead of field full-penetration weld,Feasibility,9
Update BOM item descriptions to match standard SAP catalog naming conventions,BOM,12
Incorrect pipe schedule STD specified for design pressure 300 PSI -JCM,Technical,0
COORDINATE HVAC SUPPLY REGISTER LOCATION WITH OVERHEAD CABLE TRAY RUN -RJY,Coordination,5
Typo error in title: 'structral' should be 'structural',Cosmetic,3
GENERAL NOTES PAGE SAYS SCAN SURVEY DATE 06/19/25: PLEASE CLARIFY SURVEY REFERENCE NOTE,Notes,11
Add general note specifying concrete minimum 28-day compressive strength 4000 PSI,Notes,11
REVISE NOTE 1 TO REFERENCE THE LATEST GEOTECHNICAL SITE INVESTIGATION REPORT BY: VSM,Notes,11
Delta revision symbol missing on updated elevation callout -JDM,Revision,7
Add note: 'All sharp edges and burrs must be ground smooth prior to painting' -MWR,Notes,11
INCORRECT MANUFACTURER NAME LISTED IN BILL OF MATERIALS FOR MOTOR STARTER UNIT -JDM,BOM,12
Previous revision cloud Rev A must be removed before issuing Rev B,Revision,7
INCORRECT SYMBOL USED FOR CHECK VALVE: PER ISA-5.1 STANDARD REPLACE WITH STANDARD SYMBOL -JJD,Standards,4
GROUT MATERIAL CALLOUT MUST SPECIFY NON-SHRINK CEMENTITIOUS GROUT PER PROJECT STANDARD -JCM,Material,10
Maintenance accessibility: insufficient clearance to pull heat exchanger tube bundle,Feasibility,9
Field weld accessibility: joint located inside enclosed box beam cannot be inspected -JCM,Feasibility,9
WRONG GASKET MATERIAL: GRAPHITE FILLED SPIRAL WOUND REQUIRED FOR STEAM SERVICE,Material,10
TITLE BLOCK SCALE BOX SHOWS 'NTS' BUT DRAWING IS PLOTTED TO SCALE 1:50,Documentation,6
Incomplete documentation: missing reference standard specification document number -JCM,Documentation,6
NOZZLE PROJECTION DIMENSION MISSING FROM VESSEL OUTER SHELL -JDM,Dimension,2
Wrong valve body material: specify 316L stainless steel for acid injection line By: VSM,Material,10
Revision table not updated: add Rev B description 'Incorporated client comments' -JCM,Revision,7
Revision block shows Rev 0 date but drawing contains Rev 1 markups By: BreKol,Revision,7
BOM item table missing unit weight and total weight column entries -UCC,BOM,12
CENTER-TO-CENTER DIMENSION BETWEEN NOZZLES N1 AND N2 IS MISSING BY: BREKOL,Dimension,2
REVISION STATUS IN TITLE BLOCK SAYS REV 1 BUT REVISION TABLE LISTS REV 2 -BEK,Revision,7
Text alignment in general notes section is jagged: align left margins,Cosmetic,3
MISSING REFERENCE DRAWING NUMBERS FOR ELECTRICAL TIE-IN IN DOCUMENTATION BLOCK -JJD,Documentation,6
Cable voltage drop calculation exceeds 3% allowable limit for 480V feeder,Calculation,8
Revision triangle tag on plan view does not match revision table entry,Revision,7
Incorrect part number in BOM item 14: catalog number does not match manufacturer spec -MWR,BOM,12
Drawing index sheet list does not match actual sheets included in package -UCC,Documentation,6
Erection feasibility: provide temporary lifting lugs for modular frame transport,Feasibility,9
STRUCTURAL BEAM SIZE W14X90 INCONSISTENT WITH DESIGN CALCULATION SHEET CALC-ST-101 BY: VSM,Calculation,8
Incorrect O-ring elastomer material: specify Viton for hydrocarbon service -BEK,Material,10
Text justification misaligned in equipment table column,Cosmetic,3
Machining symbol missing on flange mating face surface finish requirement -UCC,Technical,0
Update piping notes to include minimum slope requirement on condensate headers -UCC,Notes,11
Misaligned column text in revision history table,Cosmetic,3
LEADER LINE CROSSING DIMENSION STRING: REROUTE LEADER TO DETAIL BUBBLE BY: VSM,Drafting,1
Vessel nozzle reinforcement pad area calculation insufficient for external piping moment -JCM,Calculation,8
Transformer sizing calculation does not account for continuous motor starting kVA,Calculation,8
Pipe span deflection calculation exceeds L/240 criteria under hydrostatic test load,Calculation,8
Project work order number missing in document control block -RJY,Documentation,6
Dimension string does not close: 500 mm discrepancy at wall interface -JJD,Dimension,2
TITLE BLOCK CAD LAYER LOCKED WITH OUTDATED CONTRACTOR COMPANY NAME BY: BREKOL,Documentation,6
Safety shower symbol orientation violates ANSI Z358.1 specification,Standards,4
FLANGE BOLTING ACCESSIBILITY: CLEARANCE BETWEEN FLANGE AND VESSEL WALL TOO TIGHT FOR TORQUE WRENCH -JJD,Feasibility,9
Clash with piping: 6 inch CS line conflicts with electrical cable tray at grid B-3 -UCC,Coordination,5
Line weight for piping header too thin: distinguish from background grid lines,Drafting,1
BOM PART NUMBER TYPO: REPLACE VENDOR CODE XYZ-100 WITH XYZ-200,BOM,12
CLASH WITH EQUIPMENT ACCESS: MOTOR REMOVAL PATH BLOCKED BY ADJACENT PROCESS LINE,Coordination,5
BOM ITEM 5 SIZE CALLOUT SHOWS 4 INCH BUT ISOMETRIC DRAWING SHOWS 6 INCH PIPE,BOM,12
Coordinate tie-in point TP-226 location between piping and battery limit package,Coordination,5
Missing break line symbol on truncated pipe spool run -BEK,Drafting,1
PIPE SCHEDULE STANDARD CALLOUT NON-COMPLIANT WITH ASME B36.10M BY: BREKOL,Standards,4
Material specification discrepancy between piping line list and isometric drawing -JCM,Material,10
TEXT ALIGNMENT IN GENERAL NOTES SECTION IS JAGGED: ALIGN LEFT MARGINS,Cosmetic,3
BOM item 5 size callout shows 4 inch but isometric drawing shows 6 inch pipe,BOM,12
Add environmental note regarding secondary containment dike drainage valve operation,Notes,11
Incorrect nozzle flange connection rating 900# on vessel V-101 -JCM,Technical,0
PIPE SCHEDULE STANDARD CALLOUT NON-COMPLIANT WITH ASME B36.10M,Standards,4
DETAIL BUBBLE DETAIL 3 MISSING SHEET CROSS-REFERENCE ON ELEVATION VIEW -JDM,Drafting,1
Title block scale box shows 'NTS' but drawing is plotted to scale 1:50,Documentation,6
"Provide missing coordinate dimensions X, Y, Z for pipe support shoe SH-08",Dimension,2
FLANGE MATERIAL MUST MATCH PIPE MATERIAL SPECIFICATION ASTM A105 FOR CS LINES -JCM,Material,10
Overlapping text and leader lines obscuring nozzle callout on Pump Skid -UCC,Drafting,1
TITLE BLOCK CAD LAYER LOCKED WITH OUTDATED CONTRACTOR COMPANY NAME BY: VSM,Documentation,6
Transformer sizing calculation does not account for continuous motor starting kVA,Calculation,8
General note 2 references obsolete specification document 01-SPEC-1998: update to Rev 2026,Notes,11
Font thickness too heavy making small numerical tags illegible,Cosmetic,3
Valve handwheel location unreachable from operating platform: add chain wheel operator,Feasibility,9
Vessel nozzle reinforcement pad area calculation insufficient for external piping moment -BEK,Calculation,8
Spelling mistake in coating spec note: 'galvanise' should be 'galvanized' -UCC,Cosmetic,3
Isometric drawing view orientation misaligned with plan coordinates -JCM,Drafting,1
Drawing release status still marked 'DRAFT': update to 'APPROVED FOR CONSTRUCTION' -JCM,Documentation,6
Incomplete documentation: missing reference standard specification document number -JDM,Documentation,6
Revision symbol delta-2 missing near relocated drain valve -JJD,Revision,7
Structural steel member designation format violates AISC standard naming -JCM,Standards,4
ERECTION CLEARANCE: OVERHEAD CRANE HOOK CANNOT REACH PUMP FOR MAINTENANCE REMOVAL,Feasibility,9
SPELLING ERROR: 'PRESSUR' MISSING 'E' IN PIPE LINE DESCRIPTION -JDM,Cosmetic,3
ADD NOTE: 'ALL SHARP EDGES AND BURRS MUST BE GROUND SMOOTH PRIOR TO PAINTING',Notes,11
Detail bubble Detail B missing sheet cross-reference on elevation view,Drafting,1
Pipe hanger support symbol non-compliant with MSS SP-58 standard,Standards,4
OVERLAPPING TEXT AND LEADER LINES OBSCURING NOZZLE CALLOUT ON V-101 -MWR,Drafting,1
Update general note 12 regarding torque requirements for structural high-strength bolts,Notes,11
CLASH WITH PIPING: 6 INCH CS LINE CONFLICTS WITH ELECTRICAL CABLE TRAY AT GRID E-4,Coordination,5
Bill of materials quantity error: 16 bolts required per flange pair but BOM lists 8,BOM,12
BOM ITEM 5 SIZE CALLOUT SHOWS 4 INCH BUT ISOMETRIC DRAWING SHOWS 6 INCH PIPE -RJY,BOM,12
Update general note 12 regarding torque requirements for structural high-strength bolts,Notes,11
STANDARD ELECTRICAL GROUNDING SYMBOL MISSING AT TRANSFORMER NEUTRAL CONNECTION,Standards,4
Interference between flare header expansion loop and existing pipe rack column -JCM,Coordination,5
Update note 8: specify paint and protective coating system per client specification -JCM,Notes,11
CALCULATION ERROR: THERMAL EXPANSION STRESS EXCEEDS ALLOWABLE CODE STRESS ON LINE 02-IA-010-CS -JJD,Calculation,8
Coordinate with piping department: verify nozzle orientation matches P&ID P&ID-201,Coordination,5
Add environmental note regarding secondary containment dike drainage valve operation,Notes,11
Wrong bolt grade specified on structural shear connection: specify A325 instead of standard bolts By: VSM,Technical,0
Missing client drawing reference number in master title block -RJY,Documentation,6
Missing radius dimension on elbow bend curvature callout -JCM,Dimension,2
Incorrect distance between anchor bolt centers on foundation template By: BreKol,Dimension,2
Foundation pile load capacity inconsistent with geotechnical soil report calculation -JDM,Calculation,8
Missing client drawing reference number in master title block,Documentation,6
CLASH DETECTED IN 3D MODEL BETWEEN FIRE PROTECTION SPRINKLER HEADER AND STRUCTURAL BRACE,Coordination,5
Missing dimension from column grid D-2 to pump centerline -JJD,Dimension,2
"INCORRECT ELEVATION CALLOUT: TOC SHOWS EL +108.250' BUT SECTION SHOWS 88'-4 1/2""",Dimension,2
Cable voltage drop calculation exceeds 3% allowable limit for 480V feeder,Calculation,8
MTO discrepancy: structural framing schedule omitted W10x49 beam material take-off -RJY,BOM,12
SECTION CUT SYMBOL ON SHEET 5 POINTS IN WRONG VIEWING DIRECTION -JDM,Drafting,1
Line overlap observed between dimension extension line and centerline on grid G-7 By: BreKol,Drafting,1
Part number wrong on TK-401 bracket mounting assembly: shows BKT-4081-A instead of FST-882-B7 By: BreKol,Technical,0
Revision table not updated: add Rev B description 'Incorporated client comments' -JCM,Revision,7
Update piping notes to include minimum slope requirement on condensate headers,Notes,11
Incorrect material specified: line requires Carbon Steel instead of carbon steel for corrosive service,Material,10
BOM item 5 size callout shows 4 inch but isometric drawing shows 6 inch pipe -MWR,BOM,12
Missing revision cloud on bill of materials row 4 modified quantity,Revision,7
Tubing material callout incorrect: specify seamless 316SS instrument tubing,Material,10
Missing moment connection plate weld size callout on detail Detail 12 -JJD,Technical,0
"Codal issue: stair handrail height 45'-0"" does not meet OSHA/IBC standard minimum 42 inches -UCC",Standards,4
Delta symbol callout 3 missing on sheet 2 revision history table,Revision,7
Foundation pile load capacity inconsistent with geotechnical soil report calculation -JDM,Calculation,8
PUMP HEAD CALCULATION MISMATCH BETWEEN DATA SHEET AND PROCESS FLOW DIAGRAM,Calculation,8
BOM DESCRIPTION MISSING VALVE ACTUATOR MODEL AND AIR SUPPLY PRESSURE RATING,BOM,12
REVISION CLOUD MISSING AROUND MODIFIED NOZZLE CONNECTION AT GRID B-3,Revision,7
TITLE BLOCK SCALE BOX SHOWS 'NTS' BUT DRAWING IS PLOTTED TO SCALE 1:50,Documentation,6
Engineer and checker approval signatures and dates missing in sign-off block -JDM,Documentation,6
Missing revision cloud on bill of materials row 4 modified quantity,Revision,7
LINE WEIGHT FOR PIPING HEADER TOO THIN: DISTINGUISH FROM BACKGROUND GRID LINES -BEK,Drafting,1
UPDATE BILL OF MATERIALS BOM TO REFLECT LATEST REVISION OF PIPING COMPONENT SCHEDULE -MWR,BOM,12
Sheet number indicates sheet 2 of 4 but total drawing set has 5 sheets By: VSM,Documentation,6
BOM quantity mismatch: drawing shows 4 support brackets but BOM lists quantity 2 By: VSM,BOM,12
GENERAL NOTE 2 REFERENCES OBSOLETE SPECIFICATION DOCUMENT 01-SPEC-1998: UPDATE TO REV 2026 BY: BREKOL,Notes,11
Grout material callout must specify non-shrink cementitious grout per project standard,Material,10
Leader line crossing dimension string: reroute leader to detail bubble -JDM,Drafting,1
SHEET NUMBER INDICATES SHEET 2 OF 4 BUT TOTAL DRAWING SET HAS 5 SHEETS,Documentation,6
Clash with equipment access: motor removal path blocked by adjacent process line,Coordination,5
Spare parts list in bill of materials does not include replacement gasket sets,BOM,12
ASME CODE STAMP REQUIREMENT SYMBOL MISSING FROM PRESSURE VESSEL NAMEPLATE CALLOUT -UCC,Standards,4
TYPO IN NOTE 7: 'FEEDEER' CORRECTED TO 'FEEDER' -UCC,Cosmetic,3
Incorrect symbol used for check valve: per ISA-5.1 standard replace with standard symbol -MWR,Standards,4
Structural beam material callout missing ASTM specification standard on drawing -MWR,Material,10
Thermal relief calculation missing for trapped liquid segment on line 174005-S12-04-P08,Calculation,8
MISSING MATCH LINE CALLOUT ON SHEET 3 FOR CONTINUATION ON SHEET 1 -JJD,Drafting,1
INCORRECT DISTANCE BETWEEN ANCHOR BOLT CENTERS ON FOUNDATION TEMPLATE -MWR,Dimension,2
Clash between gravity drain line slope and underground electrical duct bank By: VSM,Coordination,5
Typo error in title block: 'ENGINEERINGG' misspelled with double G -BEK,Cosmetic,3
DOCUMENTATION HOLD: PENDING VENDOR CERTIFIED DRAWING ATTACHMENT BY: VSM,Documentation,6
Coordinate instrument air supply line routing with control valve manifold -MWR,Coordination,5
DRAWING RELEASE STATUS STILL MARKED 'DRAFT': UPDATE TO 'APPROVED FOR CONSTRUCTION',Documentation,6
Dimension string does not close: 3450 mm discrepancy at wall interface By: VSM,Dimension,2
BOM description incorrect: item 7 description says gate valve but graphic shows globe valve,BOM,12
Material grade inconsistency: pipe schedule shows SS304 but fittings show carbon steel -JDM,Material,10
CONSTRUCTABILITY ISSUE: ANCHOR BOLT TEMPLATE CANNOT BE INSTALLED DUE TO REBAR CONGESTION,Feasibility,9
BOM part number typo: replace vendor code XYZ-100 with XYZ-200,BOM,12
Font size too small on valve tag callouts: increase to standard 2.5mm,Cosmetic,3
CABLE VOLTAGE DROP CALCULATION EXCEEDS 3% ALLOWABLE LIMIT FOR 480V FEEDER -UCC,Calculation,8
BOM item 5 size callout shows 4 inch but isometric drawing shows 6 inch pipe By: BreKol,BOM,12
"Fabrication issue: minimum bend radius on 1/2"" structural plate will cause cracking",Feasibility,9
INCORRECT FLANGE RATING LISTED IN BILL OF MATERIALS TABLE FOR ITEM 12 -JDM,BOM,12
Coordinate instrument air supply line routing with control valve manifold,Coordination,5
"TOLERANCE CALLOUT +/- 1/16"" MISSING ON OVERALL SKID LENGTH DIMENSION -BEK",Dimension,2
Pipe insulation material specification missing on high temperature steam line -UCC,Material,10
DOCUMENT DISTRIBUTION STAMP INCOMPLETE: MISSING TRANSMITTAL NUMBER -JJD,Documentation,6
Delta symbol callout 3 missing on sheet 2 revision history table -JCM,Revision,7
MISSING DIMENSION FROM COLUMN GRID E-4 TO PUMP CENTERLINE -JJD,Dimension,2
Grout material callout must specify non-shrink cementitious grout per project standard By: BreKol,Material,10
Hazardous area classification boundary symbol missing per NFPA 497 standard,Standards,4
CLASH WITH EQUIPMENT ACCESS: MOTOR REMOVAL PATH BLOCKED BY ADJACENT PROCESS LINE,Coordination,5
Incorrect tolerance specified on hole pattern for C-100 baseplate By: VSM,Technical,0
Missing revision cloud on bill of materials row 4 modified quantity -JDM,Revision,7
Incorrect general note 4: field verification of existing foundation elevation is mandatory -JDM,Notes,11
REVISION DESCRIPTION VAGUE: REPLACE 'REVISIONS' WITH DETAILED CHANGE DESCRIPTION -BEK,Revision,7
FONT THICKNESS TOO HEAVY MAKING SMALL NUMERICAL TAGS ILLEGIBLE,Cosmetic,3
EQUIPMENT TRANSPORT FEASIBILITY: SKID WIDTH EXCEEDS MAXIMUM ROADWAY SHIPPING CLEARANCE -JCM,Feasibility,9
Erection clearance: overhead crane hook cannot reach pump for maintenance removal,Feasibility,9
GENERAL NOTE 7 MISSING REQUIREMENT FOR NON-DESTRUCTIVE EXAMINATION NDT OF CRITICAL WELDS,Notes,11
BOM table column for material grade is blank for items 3 through 8 By: VSM,BOM,12
DRAFTING VIEW MISMATCH: ISOMETRIC VIEW SHOWS VALVE THAT IS OMITTED ON PLAN VIEW,Drafting,1
Revision table row entry missing reviewer initials and approval date -BEK,Revision,7
INCORRECT DISTANCE BETWEEN ANCHOR BOLT CENTERS ON FOUNDATION TEMPLATE,Dimension,2
NOTE DISCREPANCY: NOTE STATES GALVANIZE ALL STEEL BUT DETAIL INDICATES PAINTED FINISH,Notes,11
STANDARD COMPLIANCE: INSTRUMENTATION TAG FORMAT DOES NOT FOLLOW ISA-5.1 NAMING RULE -UCC,Standards,4
SEISMIC ANCHOR LOAD CALCULATION INCONSISTENT WITH BASEPLATE ANCHOR EMBEDMENT DEPTH,Calculation,8
Coordinate with mechanical: equipment nozzle loads exceed allowable piping interface limits By: VSM,Coordination,5
MACHINING SYMBOL MISSING ON FLANGE MATING FACE SURFACE FINISH REQUIREMENT,Technical,0
UPDATE NOTE 8: SPECIFY PAINT AND PROTECTIVE COATING SYSTEM PER CLIENT SPECIFICATION,Notes,11
Drafting error: dimension line cuts through equipment outline,Drafting,1
FONT THICKNESS TOO HEAVY MAKING SMALL NUMERICAL TAGS ILLEGIBLE,Cosmetic,3
GENERAL NOTE REGARDING FIELD TOUCH-UP PAINT MISSING FROM STRUCTURAL DRAWING -JJD,Notes,11
MULTIPLE REVISIONS MIXED ON SHEET: CLEAR REV 1 CLOUDS AND KEEP ONLY REV 2 CHANGES,Revision,7
Relief valve sizing calculation sheet indicates orifice area 0.50 sq in but drawing shows 0.38,Calculation,8
Spare parts list in bill of materials does not include replacement gasket sets -JDM,BOM,12
BOM item table missing unit weight and total weight column entries,BOM,12
Text alignment in general notes section is jagged: align left margins By: BreKol,Cosmetic,3
LINE OVERLAP OBSERVED BETWEEN DIMENSION EXTENSION LINE AND CENTERLINE ON GRID E-4,Drafting,1
DRAFTING VIEW MISMATCH: ISOMETRIC VIEW SHOWS VALVE THAT IS OMITTED ON PLAN VIEW -JJD,Drafting,1
Wind load overturning moment calculation inconsistent with anchor bolt sizing -MWR,Calculation,8
Flange material must match pipe material specification ASTM A105 for CS lines -UCC,Material,10
Pipe span deflection calculation exceeds L/240 criteria under hydrostatic test load,Calculation,8
"CL EL 102'-6"" CALLOUT MISSING FOR PIPE CENTERLINE ON ELEVATION VIEW",Dimension,2
Revision cloud incomplete: does not fully enclose modified piping spool -MWR,Revision,7
ECN NO MISSING ON REVISED GUSSET PLATE DETAIL BY: VSM,Technical,0
Rigging and lifting lug placement causes center of gravity tilt during erection,Feasibility,9
Revision cloud overlaps drawing title block: reposition cloud boundary -RJY,Revision,7
Misaligned column text in revision history table By: VSM,Cosmetic,3
TUBING MATERIAL CALLOUT INCORRECT: SPECIFY SEAMLESS 316SS INSTRUMENT TUBING,Material,10
Wrong view orientation: detail shows left elevation instead of right elevation By: VSM,Drafting,1
REVISION STATUS IN TITLE BLOCK SAYS REV 1 BUT REVISION TABLE LISTS REV 2,Revision,7
MISSING HIDDEN LINE FOR UNDERGROUND CONDUIT DUCT BANK ON PLAN VIEW BY: VSM,Drafting,1
Structural beam material callout missing ASTM specification standard on drawing -JCM,Material,10
Material callout for baseplate shows mild steel: revise to ASTM A572 Gr 50 By: BreKol,Material,10
Coordinate HVAC supply register location with overhead cable tray run By: BreKol,Coordination,5
HAZARDOUS AREA CLASSIFICATION BOUNDARY SYMBOL MISSING PER NFPA 497 STANDARD -BEK,Standards,4
GENERAL NOTE 2 REFERENCES OBSOLETE SPECIFICATION DOCUMENT 01-SPEC-1998: UPDATE TO REV 2026 -RJY,Notes,11
Incorrect manufacturer name listed in bill of materials for motor starter unit -RJY,BOM,12
Codal issue: egress platform landing dimensions violate NFPA 101 Life Safety Code -RJY,Standards,4
Missing dimension from column grid D-2 to pump centerline,Dimension,2
COORDINATE WITH PIPING DEPARTMENT: VERIFY NOZZLE ORIENTATION MATCHES P&ID PID-54718,Coordination,5
Coordinate with mechanical: equipment nozzle loads exceed allowable piping interface limits,Coordination,5
GEOMETRIC TOLERANCING GD&T FRAME SYMBOL MISSING DATUM REFERENCE PER ASME Y14.5 -JDM,Standards,4
VESSEL NOZZLE REINFORCEMENT PAD AREA CALCULATION INSUFFICIENT FOR EXTERNAL PIPING MOMENT BY: BREKOL,Calculation,8
Typo error: 'temparature' spelled incorrectly in instrument schedule,Cosmetic,3
Text overlapping dimension leader arrow: adjust text box position,Cosmetic,3
Drawing cross-reference index table incomplete on cover sheet,Documentation,6
"Fabrication issue: minimum bend radius on 1/2"" structural plate will cause cracking By: BreKol",Feasibility,9
Update piping notes to include minimum slope requirement on condensate headers,Notes,11
Project work order number missing in document control block -JJD,Documentation,6
FONT SIZE TOO SMALL ON VALVE TAG CALLOUTS: INCREASE TO STANDARD 2.5MM BY: VSM,Cosmetic,3
Inter-discipline interference: structural diagonal bracing blocks instrument transmitter display,Coordination,5
MTO discrepancy: structural framing schedule omitted W10x49 beam material take-off,BOM,12
Coordinate with mechanical: equipment nozzle loads exceed allowable piping interface limits -MWR,Coordination,5
Emergency exit signage symbol not per ISO 7010 safety sign standard,Standards,4
Spare parts list in bill of materials does not include replacement gasket sets -UCC,BOM,12
ASME CODE STAMP REQUIREMENT SYMBOL MISSING FROM PRESSURE VESSEL NAMEPLATE CALLOUT,Standards,4
SHEET NUMBER INDICATES SHEET 2 OF 4 BUT TOTAL DRAWING SET HAS 5 SHEETS -BEK,Documentation,6
ASME code stamp requirement symbol missing from pressure vessel nameplate callout -UCC,Standards,4
Missing stiffener plate connection at high stress beam junction -MWR,Technical,0
Erection feasibility issue: column splice location inaccessible for mobile crane hook,Feasibility,9
Note discrepancy: note states galvanize all steel but detail indicates painted finish,Notes,11
Transformer sizing calculation does not account for continuous motor starting kVA,Calculation,8
Note callout on sheet 1 contradicts note 6 on companion drawing E-54725-29-C0-26403,Notes,11
Design calculation inconsistency: vessel wall thickness calculation requires 12mm not 10mm,Calculation,8
INTER-DISCIPLINE INTERFERENCE: STRUCTURAL DIAGONAL BRACING BLOCKS INSTRUMENT TRANSMITTER DISPLAY -RJY,Coordination,5
Incorrect material: 304SS specified where 316L required for chloride stress corrosion,Material,10
Incorrect dimension: overall length shows 150 mm but sum of segment callouts is 1200 mm -JCM,Dimension,2
Font size too small on valve tag callouts: increase to standard 2.5mm,Cosmetic,3
Font style inconsistent: use standard Romans font throughout sheet -JJD,Cosmetic,3
INCORRECT NOTE: REFERENCE TO HYDROTEST PRESSURE IN NOTE 3 CONTRADICTS LINE SCHEDULE,Notes,11
Typo error: 'temparature' spelled incorrectly in instrument schedule,Cosmetic,3
Coordinate with architectural team: wall penetration sleeve location conflicts with column,Coordination,5
Check weld symbol pitch and staggered spacing on stiffener plate,Technical,0
"Tolerance callout +/- 1/16"" missing on overall skid length dimension -JJD",Dimension,2
Drawing release status still marked 'DRAFT': update to 'APPROVED FOR CONSTRUCTION',Documentation,6
System clash: cable ladder obstructs access to emergency shower station,Coordination,5
TITLE BLOCK INCOMPLETE: PROJECT NUMBER AND DRAWING REVISION LETTER MISSING,Documentation,6
Spare parts list in bill of materials does not include replacement gasket sets,BOM,12
COORDINATE WITH ARCHITECTURAL TEAM: WALL PENETRATION SLEEVE LOCATION CONFLICTS WITH COLUMN,Coordination,5
PREVIOUS REVISION CLOUD REV A MUST BE REMOVED BEFORE ISSUING REV B -MWR,Revision,7
Missing hidden line for underground conduit duct bank on plan view -MWR,Drafting,1
Missing moment connection plate weld size callout on detail Detail B,Technical,0
Line weight for piping header too thin: distinguish from background grid lines,Drafting,1
ECN number missing on engineering change detail for valve manifold bracket -MWR,Technical,0
"Incorrect drawing scale: indicated scale 1/2"" = 1'-0"" does not match graphic bar scale",Drafting,1
ECN no missing on revised gusset plate detail -UCC,Technical,0
Wind load overturning moment calculation inconsistent with anchor bolt sizing,Calculation,8
MISSING DASHED HIDDEN LINE REPRESENTING EQUIPMENT CLEARANCE ENVELOPE,Drafting,1
Missing moment connection plate weld size callout on detail Detail B -RJY,Technical,0
"Fabrication issue: minimum bend radius on 1/2"" structural plate will cause cracking -RJY",Feasibility,9
INCORRECT TOLERANCE SPECIFIED ON HOLE PATTERN FOR C-100 BASEPLATE -BEK,Technical,0
INTER-DISCIPLINE CLASH: PIPE SUPPORT BRACKET INTERFERES WITH INSTRUMENT JUNCTION BOX JB-A01 -UCC,Coordination,5
Missing radial clearance dimension around valve handwheel,Dimension,2
Documentation hold: pending vendor certified drawing attachment -JJD,Documentation,6
Fabrication feasibility: tight pipe spool geometry cannot be hot-dip galvanized without pooling,Feasibility,9
Revision description vague: replace 'Revisions' with detailed change description -MWR,Revision,7
"Incorrect drawing scale: indicated scale 1/2"" = 1'-0"" does not match graphic bar scale -JDM",Drafting,1
PREVIOUS REVISION CLOUD REV A MUST BE REMOVED BEFORE ISSUING REV B,Revision,7
INCORRECT NOZZLE FLANGE CONNECTION RATING 900# ON VESSEL P-204A/B -BEK,Technical,0
WRONG WELD SYMBOL: FIELD WELD FLAG INDICATED INSTEAD OF SHOP WELD -BEK,Technical,0
DISCREPANCY BETWEEN BOM ITEM COUNT AND CALLOUT BUBBLE COUNT ON ASSEMBLY VIEW,BOM,12
Check weld symbol pitch and staggered spacing on stiffener plate By: BreKol,Technical,0
ADD NOTE: 'ALL SHARP EDGES AND BURRS MUST BE GROUND SMOOTH PRIOR TO PAINTING',Notes,11
Coordinate with mechanical: equipment nozzle loads exceed allowable piping interface limits,Coordination,5
General note regarding field touch-up paint missing from structural drawing,Notes,11
Revision note missing: reference ECN-4081 in revision description column -BEK,Revision,7
CODAL COMPLIANCE ISSUE: AISLE CLEARANCE WIDTH BELOW NFPA MINIMUM 36 INCHES -JDM,Standards,4
Incorrect distance between anchor bolt centers on foundation template -UCC,Dimension,2
Material specification required for cable tray: hot-dip galvanized steel vs aluminum -BEK,Material,10
Revision cloud overlaps drawing title block: reposition cloud boundary By: VSM,Revision,7
Missing moment connection plate weld size callout on detail Detail 12 -MWR,Technical,0
Add mandatory safety note: 'Do not energize equipment prior to interlock validation',Notes,11
Machining finish symbol Ra 3.2 missing on shaft seal landing,Technical,0
Erection sequence conflict: beam cannot be installed after vessel is set on foundation,Feasibility,9
Missing vertical clearance dimension below overhead monorail beam By: BreKol,Dimension,2
Leader line crossing dimension string: reroute leader to detail bubble -JJD,Drafting,1
Clash with electrical: conduit bank routes directly through valve operating envelope -RJY,Coordination,5
ERECTION CLEARANCE: OVERHEAD CRANE HOOK CANNOT REACH PUMP FOR MAINTENANCE REMOVAL -MWR,Feasibility,9
Maintenance accessibility: insufficient clearance to pull heat exchanger tube bundle -BEK,Feasibility,9
Structural beam size W14x90 inconsistent with design calculation sheet CALC-ST-101 -BEK,Calculation,8
OVERALL HEIGHT DIMENSION MISSING FROM SKID BASE FRAME TO TOP OF VESSEL NOZZLE,Dimension,2
Add note: 'All sharp edges and burrs must be ground smooth prior to painting' -RJY,Notes,11
Note 5 wording unclear: revise to state clearly 'All dimensions are in millimeters unless noted' -JDM,Notes,11
Typo error: 'temparature' spelled incorrectly in instrument schedule -MWR,Cosmetic,3
REVISION NOTE MISSING: REFERENCE ECN-4081 IN REVISION DESCRIPTION COLUMN,Revision,7
Codal issue: egress platform landing dimensions violate NFPA 101 Life Safety Code -JJD,Standards,4
Nozzle projection dimension missing from vessel outer shell By: VSM,Dimension,2
Font height inconsistent between sheet title and drawing subtitle By: BreKol,Cosmetic,3
EMERGENCY EXIT SIGNAGE SYMBOL NOT PER ISO 7010 SAFETY SIGN STANDARD -JCM,Standards,4
SPARE PARTS LIST IN BILL OF MATERIALS DOES NOT INCLUDE REPLACEMENT GASKET SETS -UCC,BOM,12
Check weld symbol pitch and staggered spacing on stiffener plate,Technical,0
P&ID SYMBOLOGY DOES NOT CONFORM TO COMPANY DRAFTING STANDARD STD-001,Standards,4
Geometric tolerancing GD&T frame symbol missing datum reference per ASME Y14.5,Standards,4
Overlapping text and leader lines obscuring nozzle callout on P-204A/B -JCM,Drafting,1
Missing sheet reference callout: 'See companion sheet C-54718-31-002 for continuation',Documentation,6
Revision history block missing date and initial for Revision C,Revision,7
Missing dimension from column grid E-4 to pump centerline -RJY,Dimension,2
WRONG VALVE BODY MATERIAL: SPECIFY 316L STAINLESS STEEL FOR ACID INJECTION LINE -RJY,Material,10
Revision cloud drawn with wrong line weight: must follow revision standard style -JJD,Revision,7
Dimension callout from survey monument datum is missing on plot plan -RJY,Dimension,2
